-- phpMyAdmin SQL Dump
-- version 4.9.1
-- https://www.phpmyadmin.net/
--
-- Servidor: 127.0.0.1
-- Tiempo de generación: 26-11-2019 a las 08:34:24
-- Versión del servidor: 10.4.8-MariaDB
-- Versión de PHP: 7.3.11

SET SQL_MODE = "NO_AUTO_VALUE_ON_ZERO";
SET AUTOCOMMIT = 0;
START TRANSACTION;
SET time_zone = "+00:00";


/*!40101 SET @OLD_CHARACTER_SET_CLIENT=@@CHARACTER_SET_CLIENT */;
/*!40101 SET @OLD_CHARACTER_SET_RESULTS=@@CHARACTER_SET_RESULTS */;
/*!40101 SET @OLD_COLLATION_CONNECTION=@@COLLATION_CONNECTION */;
/*!40101 SET NAMES utf8mb4 */;

--
-- Base de datos: `joyeria`
--

-- --------------------------------------------------------

--
-- Estructura de tabla para la tabla `cp`
--

CREATE TABLE `cp` (
  `id_codigo_postal` int(5) UNSIGNED ZEROFILL NOT NULL,
  `colonia` varchar(60) COLLATE utf8_spanish_ci NOT NULL,
  `id_municipio` int(11) NOT NULL
) ENGINE=InnoDB DEFAULT CHARSET=utf8 COLLATE=utf8_spanish_ci;

--
-- Volcado de datos para la tabla `cp`
--

INSERT INTO `cp` (`id_codigo_postal`, `colonia`, `id_municipio`) VALUES
(01000, 'San Ángel', 10),
(01010, 'Los Alpes', 10),
(01020, 'Guadalupe Inn', 10),
(01030, 'Florida', 10),
(01040, 'Campestre', 10),
(01049, 'Tlacopac', 10),
(01050, 'Ex-Hacienda de Guadalupe Chimalistac', 10),
(01060, 'San Ángel Inn', 10),
(01070, 'Chimalistac', 10),
(01080, 'Progreso Tizapan', 10),
(01089, 'Ermita Tizapan', 10),
(01090, 'Loreto', 10),
(01100, 'Pólvora', 10),
(01109, 'La Conchita', 10),
(01110, 'Ampliación El Capulín', 10),
(01120, 'Acueducto', 10),
(01125, 'Ampliación Acueducto', 10),
(01130, 'Molino de Santo Domingo', 10),
(01139, 'Reacomodo Pino Suárez', 10),
(01140, 'José Maria Pino Suárez', 10),
(01150, 'Cristo Rey', 10),
(01160, 'Isidro Fabela', 10),
(01170, 'Abraham M. González', 10),
(01180, '8 de Agosto', 10),
(01200, 'Arturo Martínez', 10),
(01210, 'Santa Fe', 10),
(01219, 'Lomas de Santa Fe', 10),
(01220, 'Mártires de Tacubaya', 10),
(01230, 'Los Gamitos', 10),
(01239, 'La Huerta', 10),
(01240, 'Pueblo Nuevo', 10),
(01250, 'Tecolalco', 10),
(01259, 'La Mexicana 2a Ampliación', 10),
(01260, 'La Palmita', 10),
(01269, '1a Sección Cañada', 10),
(01270, 'El Tejocote', 10),
(01275, 'Villa Solidaridad', 10),
(01276, 'El Pirul', 10),
(01278, 'Desarrollo Urbano', 10),
(01279, 'Lomas de Becerra', 10),
(01280, 'La Joya', 10),
(01285, 'El Rodeo', 10),
(01289, 'Reacomodo El Cuernito', 10),
(01290, 'Piloto Adolfo López Mateos', 10),
(01296, 'Ampliación Jalalpa', 10),
(01298, 'Ampliación Piloto Adolfo López Mateos', 10),
(01299, '2a Ampliación Presidentes', 10),
(01310, 'San Gabriel', 10),
(01320, 'Carlos A. Madrazo', 10),
(01330, 'Paseo de las Lomas', 10),
(01340, 'Bejero del Pueblo Santa Fe', 10),
(01376, 'Santa Fe', 10),
(01377, 'Jalalpa El Grande', 10),
(01389, 'Santa Fe Tlayapaca', 10),
(01400, 'Olivar del Conde 1a Sección', 10),
(01407, 'Galeana', 10),
(01408, 'Olivar del Conde 2a Sección', 10),
(01410, 'Barrio Norte', 10),
(01419, 'Minas Cristo Rey', 10),
(01420, 'Sacramento', 10),
(01430, 'Colina del Sur', 10),
(01450, 'Hogar y Redención', 10),
(01460, 'Alfonso XIII', 10),
(01470, 'Molino de Rosas', 10),
(01480, 'Lomas de Plateros', 10),
(01490, 'La Cascada', 10),
(01500, 'Miguel Gaona Armenta', 10),
(01509, 'Santa Lucía Chantepec', 10),
(01510, 'Garcimarrero', 10),
(01520, 'Estado de Hidalgo', 10),
(01530, 'Corpus Christy', 10),
(01538, 'Tepopotla', 10),
(01539, 'Acuilotla', 10),
(01540, 'Balcones de Cehuayo', 10),
(01548, 'Villa Progresista', 10),
(01549, 'Dos Ríos del Pueblo Santa Lucía', 10),
(01550, 'Tepeaca', 10),
(01560, 'Canutillo', 10),
(01566, 'Hueytlale', 10),
(01569, 'Reacomodo Valentín Gómez Farías', 10),
(01588, 'Tarango', 10),
(01590, 'El Rincón', 10),
(01600, 'Merced Gómez', 10),
(01610, 'Profesor J. Arturo López Martínez', 10),
(01618, 'Arcos Centenario', 10),
(01619, 'La Martinica', 10),
(01620, 'Lomas de Tarango', 10),
(01630, 'Puerta Grande', 10),
(01640, 'Herón Proal', 10),
(01645, 'Ponciano Arriaga', 10),
(01650, 'Ampliación Tlacuitlapa', 10),
(01700, 'San Agustín del Pueblo Tetelpan', 10),
(01708, 'El Mirador del Pueblo Tetelpan', 10),
(01710, 'Las Águilas', 10),
(01720, 'Lomas de Guadalupe', 10),
(01729, 'Alcantarilla', 10),
(01730, 'Lomas de las Águilas', 10),
(01740, 'La Peñita del Pueblo Tetelpan', 10),
(01750, 'Las Águilas 2o Parque', 10),
(01759, 'Ampliación Las Águilas', 10),
(01760, 'Atlamaya', 10),
(01770, 'San José del Olivar', 10),
(01780, 'Olivar de los Padres', 10),
(01789, 'Miguel Hidalgo', 10),
(01790, 'Lomas de los Ángeles del Pueblo Tetelpan', 10),
(01800, 'San Bartolo Ameyalco', 10),
(01807, 'Rancho San Francisco Pueblo San Bartolo Ameyalco', 10),
(01810, 'Villa Verdún', 10),
(01820, 'Ejido San Mateo', 10),
(01830, 'Santa Rosa Xochiac', 10),
(01840, 'Torres de Potrero', 10),
(01849, 'Rincón de la Bolsa', 10),
(01857, 'Lomas de Chamontoya', 10),
(01859, 'Tlacoyaque', 10),
(01860, 'Lomas de La Era', 10),
(01863, 'Lomas del Capulín', 10),
(01870, 'Lomas de los Cedros', 10),
(01900, 'Jardines del Pedregal', 10),
(01904, 'San Jerónimo Aculco', 10),
(02000, 'Centro de Azcapotzalco', 2),
(02010, 'Los Reyes', 2),
(02020, 'Santo Tomás', 2),
(02040, 'San Sebastián', 2),
(02050, 'Santa María Malinalco', 2),
(02060, 'Un Hogar Para Cada Trabajador', 2),
(02070, 'Nextengo', 2),
(02080, 'Clavería', 2),
(02090, 'San Álvaro', 2),
(02099, 'Ángel Zimbrón', 2),
(02100, 'El Rosario', 2),
(02120, 'San Martín Xochinahuac', 2),
(02128, 'Nueva El Rosario', 2),
(02129, 'Nueva España', 2),
(02130, 'Tierra Nueva', 2),
(02140, 'Santa Inés', 2),
(02150, 'Pasteros', 2),
(02160, 'Santo Domingo', 2),
(02200, 'Reynosa Tamaulipas', 2),
(02230, 'Santa Bárbara', 2),
(02240, 'San Andrés', 2),
(02250, 'Santa Catarina', 2),
(02300, 'Industrial Vallejo', 2),
(02310, 'Ferrería', 2),
(02320, 'San Andrés de las Salinas', 2),
(02330, 'Huautla de las Salinas', 2),
(02340, 'Santa Cruz de las Salinas', 2),
(02360, 'Las Salinas', 2),
(02400, 'San Juan Tlihuaca', 2),
(02410, 'Prados del Rosario', 2),
(02420, 'Ex-Hacienda el Rosario', 2),
(02440, 'Providencia', 2),
(02459, 'Tezozomoc', 2),
(02460, 'La Preciosa', 2),
(02470, 'Ampliación Petrolera', 2),
(02480, 'Petrolera', 2),
(02490, 'San Mateo', 2),
(02500, 'Unidad Cuitlahuac', 2),
(02519, 'El Jagüey', 2),
(02520, 'Estación Pantaco', 2),
(02530, 'Jardín Azpeitia', 2),
(02600, 'Pro-Hogar', 2),
(02630, 'Coltongo', 2),
(02640, 'Monte Alto', 2),
(02650, 'Trabajadores de Hierro', 2),
(02660, 'Euzkadi', 2),
(02670, 'Cosmopolita', 2),
(02680, 'Potrero del Llano', 2),
(02700, 'San Miguel Amantla', 2),
(02710, 'San Pedro Xalpa', 2),
(02719, 'Ampliación San Pedro Xalpa', 2),
(02720, 'San Bartolo Cahualtongo', 2),
(02730, 'San Francisco Tetecala', 2),
(02750, 'Santiago Ahuizotla', 2),
(02760, 'Santa Lucía', 2),
(02770, 'Santa Cruz Acayucan', 2),
(02780, 'Plenitud', 2),
(02790, 'Santa Apolonia', 2),
(02800, 'Nueva Santa María', 2),
(02810, 'Ignacio Allende', 2),
(02830, 'San Bernabé', 2),
(02840, 'Obrero Popular', 2),
(02860, 'Tlatilco', 2),
(02870, 'San Salvador Xochimanca', 2),
(02900, 'Aguilera', 2),
(02910, 'Aldana', 2),
(02920, 'Ampliación Cosmopolita', 2),
(02930, 'Liberación', 2),
(02940, 'Porvenir', 2),
(02950, 'Del Gas', 2),
(02960, 'San Francisco Xocotitla', 2),
(02970, 'Ampliación Del Gas', 2),
(02980, 'Patrimonio Familiar', 2),
(02990, 'La Raza', 2),
(03000, 'Piedad Narvarte', 14),
(03010, 'Atenor Salas', 14),
(03020, 'Narvarte Poniente', 14),
(03023, 'Narvarte Oriente', 14),
(03100, 'Del Valle Centro', 14),
(03103, 'Del Valle Norte', 14),
(03104, 'Del Valle Sur', 14),
(03200, 'Tlacoquemécatl', 14),
(03230, 'Actipan', 14),
(03240, 'Acacias', 14),
(03300, 'Portales Sur', 14),
(03303, 'Portales Norte', 14),
(03310, 'Santa Cruz Atoyac', 14),
(03320, 'Residencial Emperadores', 14),
(03330, 'Xoco', 14),
(03340, 'General Pedro María Anaya', 14),
(03400, 'Álamos', 14),
(03410, 'Postal', 14),
(03420, 'Miguel Alemán', 14),
(03430, 'Josefa Ortiz de Domínguez', 14),
(03440, 'Niños Héroes', 14),
(03500, 'Nativitas', 14),
(03510, 'Moderna', 14),
(03520, 'Iztaccihuatl', 14),
(03530, 'Villa de Cortes', 14),
(03540, 'Del Carmen', 14),
(03550, 'Zacahuitzco', 14),
(03560, 'Albert', 14),
(03570, 'Portales Oriente', 14),
(03580, 'Miravalle', 14),
(03590, 'Ermita', 14),
(03600, 'Vértiz Narvarte', 14),
(03610, 'Américas Unidas', 14),
(03620, 'Periodista', 14),
(03630, 'Independencia', 14),
(03640, 'Del Lago', 14),
(03650, 'Letrán Valle', 14),
(03660, 'San Simón Ticumac', 14),
(03700, 'Santa María Nonoalco', 14),
(03710, 'Ciudad de los Deportes', 14),
(03720, 'Nochebuena', 14),
(03730, 'San Juan', 14),
(03740, 'Extremadura Insurgentes', 14),
(03800, 'San Pedro de los Pinos', 14),
(03810, 'Nápoles', 14),
(03820, '8 de Agosto', 14),
(03840, 'Ampliación Nápoles', 14),
(03900, 'San José Insurgentes', 14),
(03910, 'Mixcoac', 14),
(03920, 'Insurgentes Mixcoac', 14),
(03930, 'Merced Gómez', 14),
(03940, 'Crédito Constructor', 14),
(04000, 'Villa Coyoacán', 3),
(04010, 'Santa Catarina', 3),
(04020, 'La Concepción', 3),
(04030, 'San Lucas', 3),
(04040, 'Parque San Andrés', 3),
(04100, 'Del Carmen', 3),
(04120, 'San Diego Churubusco', 3),
(04200, 'Campestre Churubusco', 3),
(04210, 'Churubusco Country Club', 3),
(04230, 'Prado Churubusco', 3),
(04240, 'Hermosillo', 3),
(04250, 'Paseos de Taxqueña', 3),
(04260, 'San Francisco Culhuacán Barrio de San Juan', 3),
(04300, 'Ajusco', 3),
(04310, 'Romero de Terreros', 3),
(04318, 'Oxtopulco Universidad', 3),
(04320, 'Cuadrante de San Francisco', 3),
(04330, 'Del Niño Jesús', 3),
(04340, 'Copilco El Bajo', 3),
(04360, 'Copilco Universidad', 3),
(04369, 'Pedregal de Santo Domingo', 3),
(04370, 'Ciudad Jardín', 3),
(04380, 'La Candelaria', 3),
(04390, 'Nueva Díaz Ordaz', 3),
(04400, 'Educación', 3),
(04410, 'Petrolera Taxqueña', 3),
(04420, 'Ex-Ejido de San Francisco Culhuacán', 3),
(04440, 'Culhuacán CTM Sección II', 3),
(04450, 'El Centinela', 3),
(04460, 'Avante', 3),
(04470, 'Presidentes Ejidales 2a Sección', 3),
(04480, 'Culhuacán CTM Sección X-A', 3),
(04489, 'Culhuacán CTM Sección VII', 3),
(04490, 'Culhuacán CTM Canal Nacional', 3),
(04500, 'Jardines del Pedregal de San Ángel', 3),
(04510, 'Universidad Nacional Autónoma de México', 3),
(04519, 'La Otra Banda', 3),
(04530, 'Insurgentes Cuicuilco', 3),
(04600, 'Pedregal de Santa Úrsula', 3),
(04610, 'Xotepingo', 3),
(04620, 'San Pablo Tepetlapa', 3),
(04630, 'Adolfo Ruiz Cortínes', 3),
(04640, 'El Reloj', 3),
(04650, 'Santa Úrsula Coapa', 3),
(04660, 'Joyas del Pedregal', 3),
(04700, 'Pedregal de Carrasco', 3),
(04710, 'Olímpica', 3),
(04730, 'Cantil del Pedregal', 3),
(04739, 'El Caracol', 3),
(04800, 'Los Cedros', 3),
(04810, 'Prados de Coyoacán', 3),
(04815, 'Emiliano Zapata', 3),
(04830, 'Los Cipreses', 3),
(04840, 'Ex-Ejido de San Pablo Tepetlapa', 3),
(04870, 'Espartaco', 3),
(04890, 'Jardines de Coyoacán', 3),
(04899, 'El Parque de Coyoacán', 3),
(04909, 'Culhuacán CTM Sección VIII', 3),
(04910, 'Carmen Serdán', 3),
(04918, 'Cafetales', 3),
(04919, 'Emiliano Zapata Fraccionamiento Popular', 3),
(04920, 'Los Girasoles', 3),
(04929, 'Las Campanas', 3),
(04930, 'Santa Cecilia', 3),
(04938, 'Campestre Coyoacán', 3),
(04939, 'Culhuacán CTM Sección X', 3),
(04940, 'Los Sauces', 3),
(04950, 'El Mirador', 3),
(04960, 'Villa Quietud', 3),
(04970, 'Haciendas de Coyoacán', 3),
(04980, 'Ex-Ejido de Santa Úrsula Coapa', 3),
(05000, 'Cuajimalpa', 4),
(05010, 'Zentlapatl', 4),
(05020, 'Loma del Padre', 4),
(05030, 'San Pedro', 4),
(05039, 'Ahuatenco', 4),
(05050, 'San Pablo Chimalpa', 4),
(05100, 'Lomas de Vista Hermosa', 4),
(05110, 'Cooperativa Palo Alto', 4),
(05118, 'Granjas Palo Alto', 4),
(05119, 'Campestre Palo Alto', 4),
(05120, 'Bosques de las Lomas', 4),
(05129, 'Lomas del Chamizal', 4),
(05200, 'San José de los Cedros', 4),
(05219, 'Granjas Navidad', 4),
(05220, 'Tepetongo', 4),
(05230, 'El Ébano', 4),
(05240, 'El Molino', 4),
(05260, 'Jesús del Monte', 4),
(05269, 'Amado Nervo', 4),
(05270, 'Manzanastitla', 4),
(05280, 'Adolfo López Mateos', 4),
(05310, 'El Molinito', 4),
(05320, 'El Yaqui', 4),
(05330, 'Ampliación Memetla', 4),
(05348, 'Santa Fe Cuajimalpa', 4),
(05360, 'Locaxco', 4),
(05370, 'Las Tinajas', 4),
(05379, 'Lomas de San Pedro', 4),
(05400, 'El Tianguillo', 4),
(05410, 'San Lorenzo Acopilco', 4),
(05500, 'Contadero', 4),
(05520, 'La Venta', 4),
(05530, 'Abdías García Soto', 4),
(05600, 'San Mateo Tlaltenango', 4),
(05610, 'Santa Rosa Xochiac', 4),
(05700, 'Cruz Blanca', 4),
(05710, 'Las Maromas', 4),
(05730, 'Xalpa', 4),
(05750, 'La Pila', 4),
(05760, 'Las Lajas', 4),
(05780, 'Agua Bendita', 4),
(06000, 'Centro (Área 1)', 15),
(06010, 'Centro (Área 2)', 15),
(06020, 'Centro (Área 3)', 15),
(06030, 'Tabacalera', 15),
(06040, 'Centro (Área 4)', 15),
(06050, 'Centro (Área 5)', 15),
(06060, 'Centro (Área 6)', 15),
(06070, 'Centro (Área 7)', 15),
(06080, 'Centro (Área 8)', 15),
(06090, 'Centro (Área 9)', 15),
(06100, 'Hipódromo', 15),
(06140, 'Condesa', 15),
(06170, 'Hipódromo Condesa', 15),
(06200, 'Morelos', 15),
(06220, 'Peralvillo', 15),
(06240, 'Valle Gómez', 15),
(06250, 'Ex-Hipódromo de Peralvillo', 15),
(06270, 'Maza', 15),
(06280, 'Felipe Pescador', 15),
(06300, 'Guerrero', 15),
(06350, 'Buenavista', 15),
(06400, 'Santa María la Ribera', 15),
(06430, 'Santa María Insurgentes', 15),
(06450, 'Atlampa', 15),
(06470, 'San Rafael', 15),
(06500, 'Cuauhtémoc', 15),
(06600, 'Juárez', 15),
(06700, 'Roma Norte', 15),
(06720, 'Doctores', 15),
(06760, 'Roma Sur', 15),
(06780, 'Buenos Aires', 15),
(06800, 'Obrera', 15),
(06820, 'Tránsito', 15),
(06840, 'Esperanza', 15),
(06850, 'Asturias', 15),
(06860, 'Vista Alegre', 15),
(06870, 'Paulino Navarro', 15),
(06880, 'Algarin', 15),
(06890, 'Ampliación Asturias', 15),
(06900, 'Nonoalco Tlatelolco', 15),
(06920, 'San Simón Tolnáhuac', 15),
(07000, 'Aragón la Villa', 5),
(07010, 'Santa Isabel Tola', 5),
(07020, 'Tepeyac Insurgentes', 5),
(07040, 'Santiago Atzacoalco', 5),
(07050, 'Villa Gustavo A. Madero', 5),
(07058, '15 de Agosto', 5),
(07060, 'Estanzuela', 5),
(07069, 'Triunfo de La República', 5),
(07070, 'Dinamita', 5),
(07080, 'Gabriel Hernández', 5),
(07089, 'Ampliación Gabriel Hernández', 5),
(07090, 'C.T.M. Atzacoalco', 5),
(07100, 'Cuautepec Barrio Alto', 5),
(07109, 'San Antonio', 5),
(07110, 'Lomas de Cuautepec', 5),
(07119, 'Malacates', 5),
(07130, 'Compositores Mexicanos', 5),
(07140, 'Forestal', 5),
(07144, 'La Lengüeta', 5),
(07149, 'Parque Metropolitano', 5),
(07150, 'La Casilda', 5),
(07160, 'Loma La Palma', 5),
(07164, 'Tlacaélel', 5),
(07170, 'Palmatitla', 5),
(07180, 'Cocoyotes', 5),
(07183, '6 de Junio', 5),
(07187, 'Vista Hermosa', 5),
(07188, 'Tlalpexco', 5),
(07189, 'Ahuehuetes', 5),
(07190, 'Valle de Madero', 5),
(07199, 'Del Carmen', 5),
(07200, 'Cuautepec de Madero', 5),
(07207, 'Del Bosque', 5),
(07209, 'Guadalupe Victoria Cuautepec', 5),
(07210, 'Chalma de Guadalupe', 5),
(07214, 'Ampliación Chalma de Guadalupe', 5),
(07220, 'Castillo Chico', 5),
(07224, 'Ampliación Castillo Grande', 5),
(07230, 'Zona Escolar', 5),
(07239, 'Zona Escolar Oriente', 5),
(07240, 'El Arbolillo', 5),
(07250, 'Benito Juárez', 5),
(07259, 'Ampliación Benito Juárez', 5),
(07268, 'Solidaridad Nacional', 5),
(07270, 'Residencial Acueducto de Guadalupe', 5),
(07279, 'Acueducto de Guadalupe', 5),
(07280, 'Jorge Negrete', 5),
(07290, 'La Pastora', 5),
(07300, 'Lindavista Sur', 5),
(07310, 'Candelaria Ticomán', 5),
(07320, 'Residencial la Escalera', 5),
(07330, 'Santa María Ticomán', 5),
(07340, 'La Laguna Ticomán', 5),
(07350, 'Guadalupe Ticomán', 5),
(07359, 'San Rafael Ticomán', 5),
(07360, 'San Pedro Zacatenco', 5),
(07363, 'Lomas de San Juan Ixhuatepec 2a Sección', 5),
(07369, 'Residencial Zacatenco', 5),
(07370, 'Capultitlan', 5),
(07380, 'Tlacamaca', 5),
(07400, 'Salvador Díaz Mirón', 5),
(07410, 'Villa Hermosa', 5),
(07420, 'El Coyol', 5),
(07430, 'Del Obrero', 5),
(07440, 'Vasco de Quiroga', 5),
(07450, 'DM Nacional', 5),
(07455, 'Ferrocarrilera', 5),
(07456, 'LI Legislatura', 5),
(07460, 'Granjas Modernas', 5),
(07469, 'Constitución de La República', 5),
(07470, 'Ampliación San Juan de Aragón', 5),
(07480, 'San Pedro El Chico', 5),
(07500, 'La Pradera', 5),
(07509, 'Pradera II Sección', 5),
(07510, 'San Felipe de Jesús', 5),
(07520, '25 de Julio', 5),
(07530, 'Campestre Aragón', 5),
(07540, 'La Esmeralda', 5),
(07550, 'Providencia', 5),
(07560, 'Ampliación Providencia', 5),
(07570, 'Villa de Aragón', 5),
(07580, 'Ampliación Casas Alemán', 5),
(07600, 'Progreso Nacional', 5),
(07620, 'Santa Rosa', 5),
(07630, 'San José de la Escalera', 5),
(07640, 'Santiago Atepetlac', 5),
(07650, 'Ampliación Progreso Nacional', 5),
(07670, 'Guadalupe Proletaria', 5),
(07680, 'Ampliación Guadalupe Proletaria', 5),
(07700, 'Nueva Industrial Vallejo', 5),
(07707, 'Siete Maravillas', 5),
(07708, 'Torres Lindavista', 5),
(07720, 'Lindavista Vallejo I Sección', 5),
(07730, 'San Bartolo Atepehuacan', 5),
(07739, 'Planetario Lindavista', 5),
(07740, 'Valle del Tepeyac', 5),
(07750, 'Nueva Vallejo', 5),
(07754, 'Lindavista Vallejo III Sección', 5),
(07755, 'Lindavista Vallejo II Sección', 5),
(07760, 'Magdalena de las Salinas', 5),
(07770, 'Panamericana', 5),
(07780, 'Defensores de La República', 5),
(07790, 'Vallejo Poniente', 5),
(07800, 'Industrial', 5),
(07810, 'Estrella', 5),
(07820, 'Aragón Inguarán', 5),
(07830, 'Gertrudis Sánchez 1a Sección', 5),
(07838, 'Gertrudis Sánchez 3a Sección', 5),
(07839, 'Gertrudis Sánchez 2a Sección', 5),
(07840, '7 de Noviembre', 5),
(07850, 'Faja de Oro', 5),
(07858, 'Ampliación Emiliano Zapata', 5),
(07859, 'Ampliación Mártires de Río Blanco', 5),
(07860, 'La Joyita', 5),
(07869, 'Belisario Domínguez', 5),
(07870, 'Vallejo', 5),
(07880, 'Mártires de Río Blanco', 5),
(07889, 'Emiliano Zapata', 5),
(07890, 'Nueva Tenochtitlán', 5),
(07899, 'La Malinche', 5),
(07900, 'Cuchilla del Tesoro', 5),
(07910, 'San Juan de Aragón VII Sección', 5),
(07918, 'San Juan de Aragón VI Sección', 5),
(07919, 'Ex Ejido San Juan de Aragón Sector 32', 5),
(07920, 'San Juan de Aragón', 5),
(07930, 'Indeco', 5),
(07939, 'Héroes de Chapultepec', 5),
(07940, 'Ex Ejido San Juan de Aragón Sector 33', 5),
(07950, 'San Juan de Aragón', 5),
(07960, 'Ex Escuela de Tiro', 5),
(07969, 'San Juan de Aragón II Sección', 5),
(07970, 'San Juan de Aragón III Sección', 5),
(07979, 'San Juan de Aragón V Sección', 5),
(07980, 'Narciso Bassols', 5),
(07990, 'C.T.M. Aragón', 5),
(08000, 'Gabriel Ramos Millán Sección Bramadero', 6),
(08010, 'Ex-Ejido de La Magdalena Mixiuhca', 6),
(08020, 'Ampliación Gabriel Ramos Millán', 6),
(08030, 'Gabriel Ramos Millán Sección Cuchilla', 6),
(08040, 'Carlos Zapata Vela', 6),
(08100, 'Agrícola Pantitlán', 6),
(08200, 'Viaducto Piedad', 6),
(08210, 'Nueva Santa Anita', 6),
(08220, 'San Pedro', 6),
(08230, 'San Francisco Xicaltongo', 6),
(08240, 'Santiago Norte', 6),
(08300, 'Santa Anita', 6),
(08310, 'La Cruz', 6),
(08320, 'Fraccionamiento Coyuya', 6),
(08400, 'Granjas México', 6),
(08420, 'Cuchilla Agrícola Oriental', 6),
(08500, 'Agrícola Oriental', 6),
(08510, 'El Rodeo', 6),
(08600, 'La Asunción', 6),
(08610, 'Zapotla', 6),
(08620, 'Los Reyes', 6),
(08650, 'San Miguel', 6),
(08700, 'Juventino Rosas', 6),
(08710, 'Tlazintla', 6),
(08720, 'Gabriel Ramos Millán Sección Tlacotal', 6),
(08730, 'Gabriel Ramos Millán', 6),
(08760, 'Los Picos de Iztacalco Sección 1B', 6),
(08770, 'Los Picos de Iztacalco Sección 1A', 6),
(08800, 'Santiago Sur', 6),
(08810, 'Reforma Iztaccíhuatl Norte', 6),
(08830, 'Militar Marte', 6),
(08840, 'Reforma Iztaccíhuatl Sur', 6),
(08900, 'INFONAVIT Iztacalco', 6),
(08910, 'Santa Cruz', 6),
(08920, 'Jardines Tecma', 6),
(08930, 'Campamento 2 de Octubre', 6),
(09000, 'San Pedro', 7),
(09010, 'Real del Moral', 7),
(09020, 'Dr. Alfonso Ortiz Tirado', 7),
(09030, 'Paseos de Churubusco', 7),
(09040, 'Central de Abasto', 7),
(09060, 'Sector Popular', 7),
(09070, 'Granjas de San Antonio', 7),
(09080, 'Cacama', 7),
(09089, 'Unidad Modelo', 7),
(09090, 'Héroes de Churubusco', 7),
(09099, 'Mexicaltzingo', 7),
(09100, 'Juan Escutia', 7),
(09130, 'San Lorenzo Xicotencatl', 7),
(09140, 'Santa Martha Acatitla Norte', 7),
(09180, 'Ermita Zaragoza', 7),
(09200, 'Unidad Vicente Guerrero', 7),
(09208, 'Chinampac de Juárez', 7),
(09209, 'Renovación', 7),
(09210, 'Tepalcates', 7),
(09220, 'Unidad Ejército Constitucionalista', 7),
(09230, 'El Paraíso', 7),
(09239, 'Ejército de Oriente Zona Peñón', 7),
(09240, 'Progresista', 7),
(09250, 'La Regadera', 7),
(09260, 'Constitución de 1917', 7),
(09270, 'Colonial Iztapalapa', 7),
(09280, 'Jacarandas', 7),
(09290, 'Santa Cruz Meyehualco', 7),
(09300, 'Guadalupe del Moral', 7),
(09310, 'Leyes de Reforma 1a Sección', 7),
(09319, 'Cuchilla del Moral', 7),
(09320, 'Sideral', 7),
(09350, 'Albarrada', 7),
(09359, 'Eva Sámano de López Mateos', 7),
(09360, 'Ampliación San Miguel', 7),
(09400, 'San Juanico Nextipac', 7),
(09410, 'San José Aculco', 7),
(09420, 'Los Picos VI-B', 7),
(09429, 'Purísima Atlazolpa', 7),
(09430, 'Apatlaco', 7),
(09438, 'Ampliación El Triunfo', 7),
(09440, 'El Retoño', 7),
(09450, 'Banjidal', 7),
(09460, 'Justo Sierra', 7),
(09470, 'Sinatel', 7),
(09479, 'Ampliación Sinatel', 7),
(09480, 'El Prado', 7),
(09500, 'Santa María Aztahuacán Ampliación', 7),
(09510, 'Santa Martha Acatitla', 7),
(09520, 'El Edén', 7),
(09530, 'Santa Martha Acatitla Sur', 7),
(09550, 'Monte Alban', 7),
(09560, 'Paraje Zacatepec', 7),
(09570, 'Santa María Aztahuacán', 7),
(09578, 'Ejército de Agua Prieta', 7),
(09600, 'Santiago Acahualtepec', 7),
(09608, 'Santiago Acahualtepec 1ra. Ampliación', 7),
(09609, 'Santiago Acahualtepec 2a. Ampliación', 7),
(09620, 'Lomas de Zaragoza', 7),
(09630, 'San Miguel Teotongo Sección Guadalupe', 7),
(09637, 'Campestre Potrero', 7),
(09638, 'Ampliación Emiliano Zapata', 7),
(09640, 'Lomas de la Estancia', 7),
(09648, 'San Pablo', 7),
(09660, 'Citlalli', 7),
(09670, 'Palmitas', 7),
(09680, 'Tenorios', 7),
(09689, 'Barranca de Guadalupe', 7),
(09690, 'Iztlahuacán', 7),
(09696, 'Miravalles', 7),
(09698, 'Miguel de La Madrid Hurtado', 7),
(09700, 'Buenavista', 7),
(09704, 'Degollado', 7),
(09705, 'Degollado - Mexicatlalli', 7),
(09706, 'San José Buenavista', 7),
(09708, 'Mixcoatl', 7),
(09709, 'Lomas de Santa Cruz', 7),
(09710, 'Los Ángeles Apanoaya', 7),
(09720, 'Francisco Villa', 7),
(09730, 'Reforma Política', 7),
(09740, 'Presidentes de México', 7),
(09750, 'La Polvorilla', 7),
(09760, 'Consejo Agrarista Mexicano', 7),
(09769, 'El Triángulo', 7),
(09770, 'Puente Blanco', 7),
(09780, 'Año de Juárez', 7),
(09790, 'San Lorenzo Tezonco', 7),
(09800, 'Estrella Culhuacán', 7),
(09810, 'Minerva', 7),
(09819, 'Valle del Sur', 7),
(09820, 'Estrella del Sur', 7),
(09828, 'Ampliación Ricardo Flores Magón', 7),
(09829, 'Ampliación El Santuario', 7),
(09830, 'Lomas El Manto', 7),
(09837, 'San Miguel 8va. Ampliación', 7),
(09838, 'Plan de Iguala', 7),
(09839, 'San Juan Joya', 7),
(09840, 'Los Reyes Culhuacán', 7),
(09849, 'Ampliación Los Reyes', 7),
(09850, 'Santa María del Monte', 7),
(09856, 'Estado de Veracruz', 7),
(09858, 'Paraje San Juan Cerro', 7),
(09859, 'Benito Juárez', 7),
(09860, 'Bellavista', 7),
(09868, 'San Juan Estrella', 7),
(09870, 'San Andrés Tomatlán', 7),
(09880, 'El Vergel', 7),
(09890, 'Lomas Estrella', 7),
(09897, 'Carlos Jonguitud Barrios', 7),
(09900, 'Guadalupe', 7),
(09910, 'La Esperanza', 7),
(09920, 'José López Portillo', 7),
(09930, 'El Rosario', 7),
(09940, 'Jardines de San Lorenzo Tezonco', 7),
(09960, 'USCOVI', 7),
(09969, 'Cananea', 7),
(09970, 'Valle de San Lorenzo', 7),
(10000, 'Lomas Quebradas', 8),
(10010, 'San Bartolo Ameyalco', 8),
(10020, 'Cuauhtémoc', 8),
(10130, 'El Maestro', 8),
(10200, 'San Jerónimo Lídice', 8),
(10300, 'San Bernabé Ocotepec', 8),
(10320, 'El Tanque', 8),
(10330, 'Las Cruces', 8),
(10340, 'Los Padres', 8),
(10350, 'Lomas de San Bernabé', 8),
(10360, 'Huayatla', 8),
(10368, 'Ampliación Potrerillo', 8),
(10369, 'Ampliación Lomas de San Bernabé', 8),
(10370, 'Palmas', 8),
(10378, 'Atacaxco', 8),
(10379, 'Vista Hermosa', 8),
(10380, 'Barros Sierra', 8),
(10400, 'San Jerónimo Aculco', 8),
(10500, 'Barrio San Francisco', 8),
(10580, 'Barranca Seca', 8),
(10600, 'El Rosal', 8),
(10610, 'El Toro', 8),
(10620, 'Potrerillo', 8),
(10630, 'El Ocotal', 8),
(10640, 'La Carbonera', 8),
(10660, 'El Ermitaño', 8),
(10700, 'Héroes de Padierna', 8),
(10710, 'Santa Teresa', 8),
(10800, 'La Cruz', 8),
(10810, 'San Francisco', 8),
(10820, 'La Guadalupe', 8),
(10830, 'La Concepción', 8),
(10840, 'Plazuela del Pedregal', 8),
(10900, 'San Nicolás Totolapan', 8),
(10910, 'La Magdalena', 8),
(10920, 'Las Huertas', 8),
(10926, 'Tierra Colorada', 8),
(11000, 'Lomas de Chapultepec I Sección', 16),
(11040, 'Molino del Rey', 16),
(11100, 'Bosque de Chapultepec III Sección', 16),
(11200, 'Lomas Hermosa', 16),
(11210, 'San Lorenzo Tlaltenango', 16),
(11220, 'Periodista', 16),
(11230, 'Argentina Poniente', 16),
(11240, 'Ignacio Manuel Altamirano', 16),
(11250, '10 de Abril', 16),
(11260, 'México Nuevo', 16),
(11270, 'Argentina Antigua', 16),
(11280, 'Torre Blanca', 16),
(11289, 'Ampliación Torre Blanca', 16),
(11290, 'San Diego Ocoyoacac', 16),
(11300, 'Verónica Anzures', 16),
(11310, 'Mariano Escobedo', 16),
(11320, 'Anáhuac I Sección', 16),
(11330, 'Un Hogar Para Nosotros', 16),
(11340, 'Santo Tomas', 16),
(11350, 'Plutarco Elías Calles', 16),
(11360, 'Agricultura', 16),
(11370, 'Tlaxpana', 16),
(11400, 'Popotla', 16),
(11410, 'Legaria', 16),
(11420, 'Nextitla', 16),
(11430, 'Ventura Pérez de Alva', 16),
(11440, 'San Juanico', 16),
(11450, 'Modelo Pensil', 16),
(11460, 'Lago Sur', 16),
(11470, 'Deportivo Pensil', 16),
(11480, 'Francisco I Madero', 16),
(11489, 'Ampliación Popo', 16),
(11490, 'Pensil Sur', 16),
(11500, 'Irrigación', 16),
(11510, 'Polanco I Sección', 16),
(11520, 'Granada', 16),
(11529, 'Ampliación Granada', 16),
(11530, 'Polanco II Sección', 16),
(11540, 'Polanco III Sección', 16),
(11550, 'Polanco IV Sección', 16),
(11560, 'Polanco V Sección', 16),
(11580, 'Bosque de Chapultepec I Sección', 16),
(11590, 'Anzures', 16),
(11600, 'Residencial Militar', 16),
(11610, 'Manuel Avila Camacho', 16),
(11619, 'Campo Militar 1', 16),
(11650, 'Reforma Social', 16),
(11700, 'Bosque de las Lomas', 16),
(11800, 'Escandón I Sección', 16),
(11810, '16 de Septiembre', 16),
(11820, 'América', 16),
(11830, 'Daniel Garza', 16),
(11840, 'Ampliación Daniel Garza', 16),
(11850, 'San Miguel Chapultepec II Sección', 16),
(11860, 'Observatorio', 16),
(11870, 'Tacubaya', 16),
(11910, 'Lomas de Bezares', 16),
(11920, 'Real de las Lomas', 16),
(11930, 'Lomas de Reforma', 16),
(11950, 'Lomas Altas', 16),
(12000, 'Santa Martha', 9),
(12070, 'San Agustin', 9),
(12080, 'San Agustin Ohtenco', 9),
(12100, 'Xaltipac', 9),
(12110, 'Emiliano Zapata', 9),
(12200, 'Nochtla', 9),
(12250, 'San Bartolomé Xicomulco', 9),
(12300, 'San Salvador Cuauhtenco', 9),
(12400, 'San Juan', 9),
(12410, 'Chalmita', 9),
(12500, 'San Lorenzo Tlacoyucan', 9),
(12600, 'San Jerónimo Miacatlán', 9),
(12700, 'San Francisco Tecoxpa', 9),
(12800, 'San Juan Tepenahuac', 9),
(12910, 'La Lupita Teticpac', 9),
(12920, 'San Marcos', 9),
(12930, 'San Miguel', 9),
(12940, 'San José', 9),
(12950, 'La Lupita Xolco', 9),
(13000, 'La Asunción', 11),
(13010, 'Santa Cecilia', 11),
(13020, 'San José', 11),
(13030, 'San Juan', 11),
(13040, 'San Mateo', 11),
(13050, 'La Habana', 11),
(13060, 'Santa Ana', 11),
(13070, 'La Magdalena', 11),
(13080, 'Los Reyes', 11),
(13090, 'Quiahuatla', 11),
(13093, 'San Sebastián', 11),
(13094, 'San Isidro', 11),
(13099, 'San Andrés', 11),
(13100, 'La Guadalupe', 11),
(13110, 'Cañada', 11),
(13119, 'La Poblanita', 11),
(13120, 'Santiago', 11),
(13123, 'La Mesa', 11),
(13129, 'San Francisco Apolocalco', 11),
(13150, 'La Concepción', 11),
(13180, 'San Miguel', 11),
(13200, 'Miguel Hidalgo', 11),
(13210, 'Los Olivos', 11),
(13219, 'Las Arboledas', 11),
(13220, 'La Nopalera', 11),
(13230, 'Granjas Cabrera', 11),
(13250, 'La Turba', 11),
(13270, 'Del Mar', 11),
(13273, 'La Draga', 11),
(13278, 'Villa Centroamericana', 11),
(13280, 'Agrícola Metropolitana', 11),
(13300, 'Santa Ana Norte', 11),
(13310, 'Zapotitla', 11),
(13315, 'Ampliación Zapotitla', 11),
(13319, 'La Estación', 11),
(13360, 'La Conchita Zapotitlán', 11),
(13363, 'Tempiluli', 11),
(13400, 'San Francisco Tlaltenco', 11),
(13410, 'López Portillo', 11),
(13419, 'Ampliación José López Portillo', 11),
(13420, 'Selene', 11),
(13430, 'Ampliación Selene', 11),
(13440, 'Zacatenco', 11),
(13450, 'Ojo de Agua', 11),
(13460, 'El Triángulo', 11),
(13508, 'San Agustín', 11),
(13509, 'La Concepción', 11),
(13510, 'La Lupita', 11),
(13520, 'Francisco Villa', 11),
(13529, 'La Loma', 11),
(13530, 'La Asunción', 11),
(13540, 'Tierra Blanca', 11),
(13545, 'Ampliación La Conchita', 11),
(13546, 'Olivar Santa María', 11),
(13549, 'Peña Alta', 11),
(13550, 'Jardines del Llano', 11),
(13600, 'San Bartolomé', 11),
(13610, 'Los Reyes', 11),
(13625, 'Santa Cruz', 11),
(13630, 'San Agustín', 11),
(13640, 'San Miguel', 11),
(13700, 'Tepantitlamilco', 11),
(14000, 'Tlalpan', 12),
(14010, 'Parque del Pedregal', 12),
(14020, 'Villa Olímpica', 12),
(14030, 'Isidro Fabela', 12),
(14039, 'Ampliación Isidro Fabela', 12),
(14040, 'Cantera Puente de Piedra', 12),
(14049, 'Comuneros de Santa Úrsula', 12),
(14050, 'Toriello Guerra', 12),
(14060, 'Peña Pobre', 12),
(14070, 'Rómulo Sánchez Mireles', 12),
(14080, 'Del Niño Jesús', 12),
(14090, 'La Joya', 12),
(14100, 'Pedregal de San Nicolás 3A Sección', 12),
(14108, 'Chichicaspatl', 12),
(14110, 'Ampliación Fuentes del Pedregal', 12),
(14120, 'Rincón del Pedregal', 12),
(14140, 'Fuentes del Pedregal', 12),
(14150, 'Lomas del Pedregal Framboyanes', 12),
(14160, 'Popular Santa Teresa', 12),
(14200, 'Héroes de Padierna', 12),
(14208, 'Colinas del Ajusco', 12),
(14209, 'Torres de Padierna', 12),
(14210, 'Jardines en la Montaña', 12),
(14219, 'Six Flags (Reino Aventura)', 12),
(14220, 'Lomas del Pedregal', 12),
(14230, 'Cultura Maya', 12),
(14239, 'Los Encinos', 12),
(14240, 'Lomas de Padierna', 12),
(14248, 'Cruz del Farol', 12),
(14250, 'Miguel Hidalgo 2A Sección', 12),
(14260, 'El Capulín', 12),
(14266, 'Zacayucan Peña Pobre', 12),
(14267, 'De Caramagüey', 12),
(14268, 'La Lonja', 12),
(14269, 'La Fama', 12),
(14270, 'Primavera', 12),
(14273, 'Solidaridad', 12),
(14275, 'Paraje 38', 12),
(14276, 'Verano', 12),
(14300, 'Residencial Acoxpa', 12),
(14308, 'Ex Hacienda Coapa', 12),
(14310, 'Belisario Domínguez', 12),
(14320, 'Vergel Coapa', 12),
(14325, 'Rinconada Coapa 2A Sección', 12),
(14326, 'Tenorios', 12),
(14330, 'Granjas Coapa', 12),
(14340, 'Vergel de Coyoacán', 12),
(14350, 'Prado Coapa 1A Sección', 12),
(14357, 'Prado Coapa 2A Sección', 12),
(14360, 'Magisterial', 12),
(14370, 'San Lorenzo Huipulco', 12),
(14376, 'Arboledas del Sur', 12),
(14377, 'Hacienda San Juan', 12),
(14380, 'San Bartolo El Chico', 12),
(14386, 'Rancho los Colorines', 12),
(14387, 'Ex Hacienda San Juan de Dios', 12),
(14388, 'Guadalupe', 12),
(14389, 'Arenal de Guadalupe', 12),
(14390, 'Rinconada Las Hadas', 12),
(14400, 'San Andrés Totoltepec', 12),
(14406, 'Divisadero', 12),
(14408, 'Nuevo Renacimiento de Axalco', 12),
(14409, 'Tecorral', 12),
(14410, 'Fuentes Brotantes', 12),
(14420, 'Cumbres de Tepetongo', 12),
(14426, 'Texcaltenco', 12),
(14427, 'San Juan Tepeximilpa', 12),
(14429, 'Santísima Trinidad', 12),
(14430, 'El Truenito', 12),
(14438, 'Pedregal de Santa Úrsula Xitla', 12),
(14439, 'Pedregal de las Águilas', 12),
(14440, 'Los Volcanes', 12),
(14449, 'El Mirador 1A Sección', 12),
(14456, 'Atocpa', 12),
(14460, 'Tlalpuente', 12),
(14470, 'Plan de Ayala', 12),
(14476, 'La Palma', 12),
(14479, 'Viveros Coatectlán', 12),
(14480, 'La Magdalena Petlacalco', 12),
(14490, 'San Miguel Xicalco', 12),
(14500, 'San Miguel Topilejo', 12),
(14520, 'La Quinta', 12),
(14529, 'Estación Ajusco', 12),
(14550, 'Estrella Mora', 12),
(14600, 'Valle Escondido', 12),
(14608, 'Colinas del Bosque', 12),
(14609, 'Las Tórtolas', 12),
(14610, 'Arenal Tepepan', 12),
(14620, 'Club de Golf México', 12),
(14629, 'San Buenaventura', 12),
(14630, 'Chimalcoyoc', 12),
(14640, 'Ejidos de San Pedro Mártir', 12),
(14643, 'Fuentes de Tepepan', 12),
(14646, 'Valle de Tepepan', 12),
(14647, 'Juventud Unida', 12),
(14650, 'San Pedro Mártir', 12),
(14653, 'Heróico Colegio Militar', 12),
(14654, 'Dolores Tlali', 12),
(14655, 'Valle Verde o Lomas Verdes', 12),
(14657, 'Tlalmille', 12),
(14658, 'Mirador del Valle', 12),
(14659, 'María Esther Zuno de Echeverría', 12),
(14700, 'San Miguel Ajusco', 12),
(14710, 'Santo Tomas Ajusco', 12),
(14720, 'Belvedere Ajusco', 12),
(14730, 'Lomas de Cuilotepec', 12),
(14734, 'Zacatón', 12),
(14735, 'Lomas de Tepemecatl', 12),
(14737, 'Vistas del Pedregal', 12),
(14738, 'Bosques del Pedregal', 12),
(14739, '2 de Octubre', 12),
(14740, 'Lomas de Padierna Sur', 12),
(14748, 'Mirador I', 12),
(14749, 'Chimilli', 12),
(14750, 'Rancho Viejo', 12),
(14760, 'Héroes de 1910', 12),
(14780, 'El Charco', 12),
(14790, 'San Jorge', 12),
(14900, 'Parres El Guarda', 12),
(15000, 'General Ignacio Zaragoza', 17),
(15010, 'Valentín Gómez Farias', 17),
(15020, 'Puebla', 17),
(15100, 'Zona Centro', 17),
(15200, 'Janitzio', 17),
(15210, 'Valle Gómez', 17),
(15220, 'Nicolás Bravo', 17),
(15230, 'Emilio Carranza', 17),
(15240, 'Michoacana', 17),
(15250, 'Ampliación Michoacana', 17),
(15260, 'Ampliación 20 de Noviembre', 17),
(15270, 'Morelos', 17),
(15280, 'Penitenciaria', 17),
(15290, '10 de Mayo', 17),
(15300, '20 de Noviembre', 17),
(15309, '5o Tramo 20 de Noviembre', 17),
(15310, 'Felipe Ángeles', 17),
(15320, 'Azteca', 17),
(15330, 'Tres Mosqueteros', 17),
(15339, 'Ampliación Venustiano Carranza', 17),
(15340, 'Venustiano Carranza', 17),
(15350, 'Ampliación Penitenciaria', 17),
(15370, 'Progresista', 17),
(15380, 'Escuela de Tiro', 17),
(15390, '7 de Julio', 17),
(15400, 'Romero Rubio', 17),
(15410, 'Simón Bolívar', 17),
(15420, 'Ampliación Simón Bolívar', 17),
(15430, 'Aquiles Serdán', 17),
(15440, '1° de Mayo', 17),
(15450, 'Damián Carmona', 17),
(15460, 'Revolución', 17),
(15470, 'Miguel Hidalgo', 17),
(15500, 'Moctezuma 1a Sección', 17),
(15510, 'Pensador Mexicano', 17),
(15520, 'Peñón de los Baños', 17),
(15530, 'Moctezuma 2a Sección', 17),
(15540, 'Santa Cruz Aviación', 17),
(15600, 'Arenal 1a Sección', 17),
(15610, 'Cuchilla Pantitlán', 17),
(15620, 'México (Lic. Benito Juárez)', 17),
(15630, 'Caracol', 17),
(15640, 'Arenal Puerto Aéreo', 17),
(15650, 'Ampliación Caracol', 17),
(15660, 'Arenal 3a Sección', 17),
(15670, 'Adolfo López Mateos', 17),
(15680, 'Arenal 2a Sección', 17),
(15700, 'Federal', 17),
(15710, 'Industrial Puerto Aéreo', 17),
(15730, '4 Árboles', 17),
(15740, 'Aviación Civil', 17),
(15750, 'Ampliación Aviación Civil', 17),
(15800, 'Jamaica', 17),
(15810, 'Merced Balbuena', 17),
(15820, 'Lorenzo Boturini', 17),
(15830, 'Artes Gráficas', 17),
(15840, 'Sevilla', 17),
(15850, 'Magdalena Mixiuhca', 17),
(15860, 'La Magdalena Mixiuhca', 17),
(15870, 'Aarón Sáenz', 17),
(15900, 'Jardín Balbuena', 17),
(15960, 'Del Parque', 17),
(15970, 'Aeronáutica Militar', 17),
(15980, '24 de Abril', 17),
(15990, 'Álvaro Obregón', 17),
(16000, 'San Antonio', 13),
(16010, 'San Bartolo El Chico', 13),
(16020, 'Santa María Tepepan', 13),
(16029, 'Ampliación Tepepan', 13),
(16030, 'La Noria', 13),
(16034, '18', 13),
(16035, 'San Lorenzo La Cebada', 13),
(16036, 'Mercado de Flores Plantas y Hortalizas', 13),
(16038, 'Ampliación San Marcos Norte', 13),
(16040, 'San Lorenzo', 13),
(16050, 'Tierra Nueva', 13),
(16059, 'Pblo. Stgo.Tepalcatlalpan, U. H. Rinconada del Sur', 13),
(16060, 'El Mirador', 13),
(16070, 'El Rosario', 13),
(16080, 'La Santísima', 13),
(16090, 'Xaltocan', 13),
(16100, 'Santa Cruz Xochitepec', 13),
(16200, 'Santiago Tepalcatlalpan', 13),
(16210, 'La Concha', 13),
(16300, 'San Lucas Xochimanca', 13),
(16310, 'La Cañada', 13),
(16320, 'San Lucas Oriente', 13),
(16340, 'Texmic', 13),
(16400, 'San Lorenzo Atemoaya', 13),
(16410, 'Lomas de Tonalco', 13),
(16420, 'San Jerónimo', 13),
(16428, 'El Jazmín', 13),
(16429, 'Rancho Tejomulco', 13),
(16430, 'Xochipilli', 13),
(16440, 'Año de Juárez', 13),
(16443, 'Pocitos', 13),
(16450, 'Santa María Nativitas', 13),
(16457, 'Lomas de Nativitas', 13),
(16459, 'Ampliación Nativitas', 13),
(16500, 'Santa Cruz Acalpixca', 13),
(16513, 'Apatlaco', 13),
(16514, 'Tetitla', 13),
(16520, 'La Planta', 13),
(16530, 'Las Flores', 13),
(16533, 'Ahualapa', 13),
(16550, 'Valle de Santa María', 13),
(16600, 'San Gregorio Atlapulco', 13),
(16604, 'San Andrés', 13),
(16605, 'Los Reyes', 13),
(16606, '3 de Mayo', 13),
(16607, 'San Antonio', 13),
(16609, 'La Candelaria', 13),
(16610, 'San Luis Tlaxialtemalco', 13),
(16614, 'Niños Héroes', 13),
(16615, 'La Asunción', 13),
(16616, 'Santa Cecilia', 13),
(16617, 'San Sebastián', 13),
(16620, 'San José', 13),
(16629, 'San Juan', 13),
(16630, 'San Juan Moyotepec', 13),
(16640, 'San Juan Minas', 13),
(16710, 'Quirino Mendoza', 13),
(16720, 'Del Carmen', 13),
(16739, 'San Isidro', 13),
(16740, 'Guadalupita', 13),
(16749, 'Las Animas', 13),
(16750, 'Calyequita', 13),
(16770, 'San Felipe', 13),
(16776, 'Santiaguito', 13),
(16780, 'Cristo Rey', 13),
(16797, 'Nativitas', 13),
(16799, 'Las Mesitas', 13),
(16800, 'San Mateo Xalpa', 13),
(16810, 'Santa Inés', 13),
(16813, 'El Calvario', 13),
(16840, 'Santa Cruz Chavarrieta', 13),
(16850, 'Chapultepec', 13),
(16860, 'Santa Cruz de Guadalupe', 13),
(16880, 'Santa Cecilia Tepetlapa', 13),
(16900, 'San Francisco Tlalnepantla', 13),
(50000, 'Centro', 106),
(50010, 'Los Girasoles IV', 106),
(50016, 'Parque industrial San Antonio', 106),
(50017, 'Las Brisas', 106),
(50018, 'El Mogote', 106),
(50019, 'San Rafael', 106),
(50020, 'Rinconada de la Mora', 106),
(50026, 'Carlos Hank González', 106),
(50040, 'Unión', 106),
(50050, 'Zopilocalco Sur', 106),
(50060, 'Doctores', 106),
(50069, 'Centro SCT México', 106),
(50070, 'Villas Fontana II', 106),
(50071, 'Toluca', 106),
(50075, 'Científicos', 106),
(50080, 'La Merced  (Alameda)', 106),
(50090, 'Santa Clara', 106),
(50100, 'La Ribera II', 106),
(50103, 'De Atotonilco', 106),
(50110, 'Cultural', 106),
(50115, 'Loma Bonita', 106),
(50120, 'Federal (Adolfo López Mateos)', 106),
(50122, 'Zona Militar', 106),
(50123, 'Paseo Tollocan INFONAVIT', 106),
(50130, 'Altamirano', 106),
(50140, 'Villas Florencia', 106),
(50150, 'Comisión Federal de Electricidad', 106),
(50160, 'Villas de Santa Ana III', 106),
(50168, 'Santa María Zozoquilpan', 106),
(50170, 'El Seminario 1a Sección', 106),
(50180, 'Del Parque', 106),
(50190, 'Benito Juárez', 106),
(50200, 'Santa Rosa', 106),
(50205, 'San Diego de los Padres Cuexcontitlán', 106),
(50206, 'La Loma Cuexcontitlán', 106),
(50209, 'Toluca (Lic. Adolfo López Mateos)', 106),
(50210, 'Santa Cruz Otzacatipán', 106),
(50214, 'Paseos Santín', 106),
(50220, 'De Canaleja', 106),
(50223, 'Parque industrial Exportec II', 106),
(50225, 'San Miguel Totoltepec', 106),
(50226, 'Villas Santa María (Galaxia)', 106),
(50227, 'Rinconadas del Pilar', 106),
(50228, 'La Arboleda IV', 106),
(50230, 'Villa Toscana', 106),
(50233, 'Parque industrial Vesta', 106),
(50235, 'San Francisco Totoltepec', 106),
(50236, 'La Constitución Totoltepec', 106),
(50240, 'El Olimpo', 106),
(50245, 'Sor Juana Inés de la Cruz', 106),
(50246, 'Los Héroes III', 106),
(50250, 'Las Margaritas', 106),
(50253, 'Dos Ríos', 106),
(50254, 'Del Panteón', 106),
(50255, 'Los Pajaritos', 106),
(50256, 'Las Palmas', 106),
(50257, 'Apilulco', 106),
(50258, 'Acuxtitla', 106),
(50260, 'La Era', 106),
(50263, 'Santísima Trinidad', 106),
(50264, 'San José', 106),
(50265, 'Sor Juana Inés de la Cruz', 106),
(50266, 'San Antonio Buenavista', 106),
(50270, 'Tecaxic', 106),
(50273, 'San Pablo', 106),
(50274, 'Pedregal', 106),
(50280, 'Santiago Tlaxomulco Centro', 106),
(50283, 'Del Pozo Blanco', 106),
(50284, 'Tenojo', 106),
(50285, 'Ojo de Agua', 106),
(50286, 'El Tepetate', 106),
(50290, 'Del Pozo', 106),
(50293, 'Parque industrial Toluca', 106),
(50294, 'De Santa María', 106),
(50295, 'Tlachaloya 2a Sección Centro', 106),
(50300, 'Acambay Centro', 1),
(50303, 'Manuel Hinojosa', 1),
(50304, 'Los Pinos', 1),
(50305, 'Independencia', 1),
(50306, 'El Nogal', 1),
(50310, 'Botidi', 1),
(50313, 'Dateje', 1),
(50314, 'Buenavista', 1),
(50315, 'Mado Sector II', 1),
(50320, 'Endeje', 1),
(50323, 'Boshi Grande', 1),
(50324, 'La Manga', 1),
(50325, 'San Juanico Sector I', 1),
(50326, 'La Caridad', 1),
(50330, 'San Pedro de los Metates', 1),
(50333, 'Pathé', 1),
(50334, 'El Medrano', 1),
(50335, 'Las Chivas', 1),
(50336, 'Loma de San Ángel', 1),
(50337, 'La Soledad', 1),
(50340, 'Guadalupe', 1),
(50343, 'Tixmadeje Grande (Santa María Tixmadeje)', 1),
(50344, 'La Palma', 1),
(50345, 'Dongú Puerto', 1),
(50350, 'La Nopalera', 1),
(50353, 'Puentecillas', 1),
(50354, 'Muyteje', 1),
(50355, 'El Capulín la Loma', 1),
(50356, 'Las Mangas', 1),
(50357, 'San Francisco Shaxni', 1),
(50360, 'Aculco de Espinoza', 3),
(50370, 'Encinillas', 3),
(50373, 'San Antonio Arroyo Zarco', 3),
(50374, 'El Azafrán (Santa Rosa el Azafrán)', 3),
(50375, 'Los Gavilanes', 3),
(50376, 'Santa María Nativitas', 3),
(50380, 'Gunyo Poniente ( San José Gunyo )', 3),
(50383, 'Zethe', 3),
(50384, 'Los Ailes', 3),
(50385, 'Bimbo', 3),
(50386, 'El Tixhiñu', 3),
(50393, 'Bañe', 3),
(50394, 'La Presita Segundo Cuartel', 3),
(50395, 'La Concepción', 3),
(50396, 'El Huizachal', 3),
(50397, 'San Pedro Denxhi 2do Cuartel', 3),
(50400, 'Temascalcingo de José María Velazco', 85),
(50410, 'La Magdalena', 85),
(50413, 'Ahuacatitlán Cuarto y Quinto Cuartel', 85),
(50414, 'Santa Lucía (Ejido de San Mateo el Viejo)', 85),
(50415, 'Andaro', 85),
(50420, 'Boqui', 85),
(50423, 'San Pedro Potla Centro', 85),
(50424, 'Santa Ana Yenshu Centro', 85),
(50425, 'San Juanico Centro', 85),
(50430, 'Juanacatlán', 85),
(50433, 'San Francisco Solís', 85),
(50434, 'Chamacueros', 85),
(50435, 'Estación Solís (Estación Alberto Garduño)', 85),
(50440, 'Pueblo Nuevo Solís (La Estancia)', 85),
(50443, 'Ex-hacienda de Solís', 85),
(50444, 'San Nicolás Solís', 85),
(50445, 'El Rodeo', 85),
(50446, 'San Antonio Solís', 85),
(50447, 'Guadalupe Ixtapa', 85),
(50450, 'Centro', 14),
(50453, '2 de Abril', 14),
(50454, '2da Sección Electricistas', 14),
(50455, 'Las Fuentes', 14),
(50456, 'Río Lerma (Tic Ti)', 14),
(50457, 'La Cruz', 14),
(50458, 'Atlacomulco', 14),
(50460, 'San Bartolo Lanzados', 14),
(50463, 'Cerrito Colorado', 14),
(50464, 'Diximoxi', 14),
(50465, 'La Mesa de Chosto', 14),
(50466, 'La Lagunita Cantashí', 14),
(50470, 'San Pablo Atotonilco', 14),
(50473, 'Monte María (El Nogal)', 14),
(50474, 'Tecoac', 14),
(50475, 'San Luis Boro', 14),
(50476, 'Dolores la Joya (La Joya)', 14),
(50477, 'Cotecito', 14),
(50480, 'San Francisco Chalchihuapan', 14),
(50483, 'Santiago Acutzilapan', 14),
(50484, 'San Antonio Enchisi', 14),
(50485, 'San Pedro del Rosal', 14),
(50486, 'El Espejel', 14),
(50487, 'La Palma', 14),
(50490, 'San Juan de los Jarros', 14),
(50493, 'Bobashi de Guadalupe', 14),
(50494, 'Manto del Río', 14),
(50495, 'Manto del Río', 14),
(50496, 'San José Toxi', 14),
(50497, 'San Jerónimo de los Jarros', 14),
(50500, 'San Andrés Timilpan', 102),
(50503, 'N Zititi', 102),
(50504, 'Aguacate', 102),
(50505, 'N Zola', 102),
(50507, 'Primera Manzana de Barrio Iturbide', 102),
(50508, 'Segunda Manzana de San Nicolás', 102),
(50509, 'Segunda Manzana de Zaragoza', 102),
(50510, 'Huapango', 102),
(50520, 'Iturbide', 102),
(50523, 'Lomas de Emiliano Zapata (Las Lomas)', 102),
(50524, 'Segunda Manzana de Barrio Morelos', 102),
(50525, 'Tercera Manzana de Barrio Iturbide Ixcaja', 102),
(50526, 'Primera Manzana del Pueblo de Rincón de Bucio', 102),
(50527, 'Tercera Manzana del Pueblo de Rincón de Bucio', 102),
(50528, 'El Palmito', 102),
(50540, 'San Antonio Yondejé', 102),
(50550, 'San Bartolo Morelos', 56),
(50554, 'Barrio Cuarto (La Loma)', 56),
(50559, 'Xhinte de Lagos', 56),
(50560, 'Santa Clara de Juárez', 56),
(50563, 'El Cerrito', 56),
(50564, 'San Sebastián Buenos Aires', 56),
(50565, 'El Reyno', 56),
(50566, 'Barrio Cuarto (La Trampa)', 56),
(50567, 'Las Tinajas', 56),
(50570, 'Tlalpujahuilla', 56),
(50573, 'De Xicani', 56),
(50574, 'San Lorenzo Malacota', 56),
(50580, 'La Palma', 56),
(50583, 'San Gregorio Macapexco Barrio Segundo', 56),
(50584, 'San Gregorio Macapexco', 56),
(50585, 'San Antonio Trojes', 56),
(50586, 'La Malinche', 56),
(50590, 'San Marcos Tlazalpan', 56),
(50596, 'Francisco I. Madero', 56),
(50597, 'Beltran', 56),
(50600, 'El Oro de Hidalgo', 64),
(50601, 'Santiago Oxtempan', 64),
(50603, 'Francisco I Madero', 64),
(50604, 'Cuauhtémoc', 64),
(50610, 'Aquiles Serdán', 64),
(50613, 'San Nicolás el Oro (Agua Escondida)', 64),
(50614, 'San Nicolás Tultenango', 64),
(50615, 'Estación Tultenango', 64),
(50616, 'La Soledad', 64),
(50625, 'Las Peñitas', 64),
(50626, 'San Nicolás el Oro', 64),
(50627, 'El Gigante', 64),
(50630, 'Yomeje', 64),
(50633, 'Adolfo López Mateos', 64),
(50634, 'Benemérito Pueblo Nuevo de los Ángeles', 64),
(50635, 'La Mesa', 64),
(50636, 'Laguna Seca', 64),
(50637, 'La Concepción (La Concepción Segunda)', 64),
(50640, 'Ejidal', 74),
(50653, 'Tunal Nenaxi', 74),
(50654, 'San Juan Jalpa', 74),
(50655, 'El Carmen Ocotepec', 74),
(50656, 'El Tunal', 74),
(50660, 'San José del Rincón', 124),
(50663, 'La Puerta San Miguel del Centro', 124),
(50664, 'San Miguel Agua Bendita', 124),
(50665, 'La Trinidad Concepción', 124),
(50666, 'Purungueo', 124),
(50667, 'Palo Amarillo', 124),
(50668, 'Santa Cruz del Tejocote', 124),
(50670, 'Los Lobos Segunda Sección', 124),
(50673, 'El Toril Ejido la Soledad', 124),
(50674, 'El Pintado Pueblo Nuevo', 124),
(50675, 'Loma Grande San Antonio Pueblo Nuevo', 124),
(50676, 'La Magdalena San Juan Palo Seco', 124),
(50677, 'La Mesa', 124),
(50678, 'Los Lobos', 124),
(50680, 'Emilio Portes Gil', 74),
(50683, 'Palmillas', 74),
(50684, 'San Pedro el Chico', 74),
(50685, 'Charcos Azules de la Luna del Fresno Nichi', 74),
(50686, 'Tres Estrellas', 74),
(50687, 'San Jerónimo Bonchete', 74),
(50690, 'Encinillas de San Antonio la Ciénega', 74),
(50693, 'Purísima Concepción Mayorazgo (Mayorazgo)', 74),
(50694, 'Dios Padre', 74),
(50695, 'Boreje de San Antonio la Ciénega', 74),
(50696, 'La Carrera', 74),
(50697, 'Rincón de los Pirules', 74),
(50700, 'Jocotitlán', 48),
(50710, 'Concepción Caro', 48),
(50713, 'Santa María Citendeje', 48),
(50714, 'Los Martínez', 48),
(50715, 'San Juan Cuajomulco', 48),
(50716, 'San Juan Cuajomulco', 48),
(50717, 'Santiago Casandeje', 48),
(50720, 'San José Boqui', 48),
(50724, 'Las Fuentes Yeche', 48),
(50726, 'San Pascual Meje', 48),
(50727, 'Los Reyes', 48),
(50733, 'Del Progreso', 48),
(50734, 'Las Ánimas Villeje', 48),
(50735, 'Buenavista', 48),
(50736, 'Siffari', 48),
(50737, 'Santa María Endare', 48),
(50740, 'Magisterial', 42),
(50743, 'Los Reyes', 42),
(50744, 'Número 5', 42),
(50750, 'Jalpa de Dolores', 42),
(50753, 'Guadalupe del Río', 42),
(50754, 'Atotonilco', 42),
(50755, 'San Pedro los Baños', 42),
(50760, 'Santa Ana Ixtlahuaca', 42),
(50764, 'Shira', 42),
(50770, 'San Miguel Enyege', 42),
(50773, 'San Pablo de los Remedios', 42),
(50774, 'Santo Domingo Huereje', 42),
(50775, 'San Miguel el Alto (Ranchos Viejos)', 42),
(50780, 'San Lorenzo Toxico', 42),
(50783, 'San Antonio Bonixi', 42),
(50785, 'San Jerónimo Ixtlapantongo', 42),
(50800, 'Jiquipilco', 47),
(50810, 'Manzana Segunda', 47),
(50813, 'Manzana Sexta Parte Alta', 47),
(50814, 'El Jaral Tierra (Montón)', 47),
(50815, 'Loma del Madroño', 47),
(50816, 'San Isidro', 47),
(50820, 'Mañi', 47),
(50823, 'Tierra Blanca', 47),
(50824, 'San Martín Morelos', 47),
(50825, 'Sección el Cerrito', 47),
(50826, 'La Purísima', 47),
(50830, 'Loma del Astillero', 47),
(50833, 'San José del Sitio', 47),
(50834, 'Alegre', 47),
(50835, 'Dolores Amarillas', 47),
(50836, 'San Antonio Nixini', 47),
(50840, 'Los Ortices', 47),
(50843, 'San Felipe Santiago', 47),
(50844, 'Morelos', 47),
(50845, 'Santa Lucía', 47),
(50846, 'Manzana Quinta de San Bartolo Oxtotitlán', 47),
(50847, 'El Rincón Loma de Hidalgo', 47),
(50848, 'Palo Gacho', 47),
(50850, 'Temoaya', 87),
(50860, 'Pothé', 87),
(50863, 'Jiquipilco el Viejo', 87),
(50864, 'Calle Real', 87),
(50865, 'Enthavi', 87),
(50866, 'Tlaltenanguito', 87),
(50867, 'San Pedro Arriba 5a Sección', 87),
(50868, 'Centro Ceremonial Otomí', 87),
(50870, 'Mimbres', 87),
(50874, 'La Magdalena Tenexpan', 87),
(50880, 'Hacienda las Trojes', 87),
(50883, 'Dolores', 87),
(50884, 'Llano de la Y', 87),
(50885, 'Buenavista el Grande', 87),
(50886, 'Molino Abajo', 87),
(50890, 'Lázaro Cárdenas', 87),
(50893, 'San José Comalco', 87),
(50894, 'San José las Lomas', 87),
(50895, 'Allende', 87),
(50896, 'Taborda', 87),
(50900, 'Almoloya de Juárez Centro', 5),
(50903, 'Santa Juana Primera Sección', 5),
(50904, 'Cerro San Mateo', 5),
(50906, 'San Miguel Almoloyan', 5),
(50907, 'Loma de Juárez', 5),
(50910, 'Benito Juárez', 5),
(50917, 'Ejido San Diego', 5),
(50920, 'Conjunto Urbano Rancho San Juan', 5),
(50924, 'Cieneguillas de Mañones', 5),
(50925, 'Loma del Rancho', 5),
(50926, 'El Santito (Barrio el Santito Yebuciví)', 5),
(50927, 'Barrio del Jacal de Yebuciví', 5),
(50930, 'La Tinaja', 5),
(50933, 'Cieneguillas de Guadalupe', 5),
(50934, 'Paredón Ejido Norte', 5),
(50935, 'Loma Blanca', 5),
(50940, 'Rancho Carbajales', 5),
(50943, 'Bellavista', 5),
(50944, 'Dilatada Sur', 5),
(50945, 'San Nicolás Amealco', 5),
(50946, 'Rosa Morada', 5),
(50947, 'Barrio la Galera (La Galera)', 5),
(50960, 'Villa Victoria', 114),
(50963, 'Santa Isabel del Monte', 114),
(50964, 'San Agustín Altamirano Primera Sección', 114),
(50965, 'Doctor Gustavo Baz', 114),
(50966, 'Santiago del Monte', 114),
(50967, 'San Luis la Manzana', 114),
(50970, 'Propiedad Laguna Seca', 114),
(50973, 'San Agustín Canohillas Segunda Sección', 114),
(50974, 'Sección de Guadalupe', 114),
(50975, 'Cerritos del Pilar', 114),
(50980, 'Potrero de San Diego', 114),
(50983, 'Palizada', 114),
(50984, 'Agua Zarca', 114),
(50985, 'San Felipe de la Rosa', 114),
(50986, 'El Capulín', 114),
(50987, 'Campo Nuevo', 114),
(50990, 'Barrio de San Isidro', 114),
(50993, 'Piedras Blancas (Piedras Blancas Centro)', 114),
(50994, 'Sitio Ejido', 114),
(50995, 'Venta de Ocotillos', 114),
(50996, 'Loma de Guadalupe', 114),
(50997, 'Los Cedros', 114),
(51000, 'Cabecera de Indígenas', 111),
(51004, 'Batán Chico', 111),
(51005, 'San Pablo Malacatepec', 111),
(51006, 'San Juan', 111),
(51007, 'El Chirimoyo', 111),
(51008, 'San Ildefonso', 111),
(51009, 'San Miguel', 111),
(51010, 'Loma de Juárez', 111),
(51013, 'Barrio el Boncho', 111),
(51014, 'Barrio los Tules', 111),
(51015, 'El Salitre del Cerro', 111),
(51016, 'Las Dalias', 111),
(51017, 'San Miguel la Máquina', 111),
(51019, 'Mesas del Clarín', 111),
(51020, 'San Felipe Santiago', 111),
(51024, 'Monte Alto', 111),
(51025, 'Sabana el Rosario', 111),
(51026, 'Sabana de San Jerónimo', 111),
(51027, 'Morelos', 111),
(51028, 'Filiberto Gómez', 111),
(51029, 'San Agustín Berros el Salto', 111),
(51030, 'Cabecera de Indígenas Segundo Cuartel', 32),
(51034, 'San Lucas Texcaltitlán', 32),
(51035, 'Santiago Huitlapaltepec', 32),
(51040, 'San Simón de la Laguna', 32),
(51043, 'San Antonio de la Laguna', 32),
(51044, 'San Martín Obispo', 32),
(51045, 'Batan Chico', 32),
(51046, 'San Miguel Xooltepec', 32),
(51050, 'De Arriba de San Juan Xoconusco', 32),
(51054, 'Mesas Altas de Xoconusco', 32),
(51055, 'Macheros', 32),
(51070, 'Ixtapan del Oro', 41),
(51074, 'San Miguel Ixtapan', 41),
(51080, 'El Chilar', 41),
(51083, 'La Puerta', 41),
(51089, 'San Telmo', 41),
(51090, 'Tutuapan', 41),
(51098, 'La Calera', 41),
(51099, 'Milpillas', 41),
(51104, 'San Miguel Sandemialma', 78),
(51105, 'San Pedro Ixtapantongo', 78),
(51106, 'Tacuitapan', 78),
(51108, 'Viejo', 78),
(51109, 'El Llano', 78),
(51110, 'Santo Tomás de los Plátanos', 78),
(51116, 'San José Barbechos (Los Barbechos)', 78),
(51117, 'Salitre de la Cal', 78),
(51130, 'Otzoloapan', 66),
(51136, 'Estancia Chica', 66),
(51137, 'Agua Zarca', 66),
(51138, 'San José el Calvario', 66),
(51139, 'Pinal del Marquesado', 66),
(51140, 'San Miguel de la Campana (San Miguel)', 66),
(51144, 'Terreros', 66),
(51145, 'Guadalupe', 66),
(51147, 'El Limón', 66),
(51149, 'Zuluapan', 66),
(51160, 'Zacazonapan', 116),
(51163, 'Santa María Zacazonapan', 116),
(51164, 'El Potrero', 116),
(51170, 'El Arrastradero', 116),
(51173, 'El Puerto', 116),
(51200, 'Agua Fría', 110),
(51204, 'Otumba', 110),
(51206, 'El Cerrillo', 110),
(51207, 'Tres Puentes', 110),
(51208, 'La Candelaria', 110),
(51209, 'Pipioltepec', 110),
(51210, 'Santa Teresa Tilostoc', 110),
(51217, 'El Arco', 110),
(51218, 'Santa Magdalena Tilostoc', 110),
(51219, 'San Gabriel Ixtla', 110),
(51220, 'Cerro Colorado', 110),
(51225, 'Cuadrilla de Dolores', 110),
(51226, 'Casas Viejas', 110),
(51227, 'Peña Blanca', 110),
(51229, 'Mesa de Jaimes', 110),
(51230, 'Colorines', 110),
(51237, 'El Manzano', 110),
(51238, 'San José Potrerillos', 110),
(51239, 'Cerro Gordo', 110),
(51240, 'San Simón el Alto', 110),
(51245, 'Godínez O Tehuastepec', 110),
(51246, 'Atesquelites', 110),
(51247, 'Santo Tomás el Pedregal', 110),
(51248, 'Tenantongo', 110),
(51260, 'San Juan', 7),
(51265, 'Rincón de Guadalupe', 7),
(51266, 'San Miguel Tenextepec', 7),
(51267, 'San Sebastián el Grande', 7),
(51268, 'San Bartolo', 7),
(51270, 'El Ancón', 7),
(51273, 'Capilla Vieja', 7),
(51274, 'Corral de Piedra', 7),
(51280, 'El Capulín Segunda Sección', 7),
(51285, 'El Potrero', 7),
(51287, 'Hacienda Nueva', 7),
(51300, 'San Francisco', 86),
(51303, 'San Lucas del Pulque', 86),
(51304, 'Los Timbres', 86),
(51305, 'El Cerro Pelón', 86),
(51310, 'El Salitre', 86),
(51314, 'Las Trancas', 86),
(51315, 'Lampazos', 86),
(51320, 'Potrero de San José', 86),
(51323, 'San Francisco Oxtotilpan', 86),
(51324, 'San Miguel Oxtotilpan', 86),
(51325, 'Cieneguilla de González', 86),
(51326, 'Jesús del Monte', 86),
(51340, 'Mina del Rincón', 86),
(51344, 'Los Ocotes', 86),
(51345, 'El Varal', 86),
(51346, 'Cajones', 86),
(51350, 'San Miguel Zinacantepec', 118),
(51354, 'La Esperanza', 118),
(51355, 'La Victoria', 118),
(51356, 'Irma Patricia Galindo de Rez', 118),
(51357, 'Paraje la Puerta de Barbabosa', 118),
(51360, 'Santa María del Monte', 118),
(51364, 'El Coporo', 118),
(51366, 'San Bartolo el Viejo', 118),
(51367, 'San Cristóbal Tecolit', 118);
INSERT INTO `cp` (`id_codigo_postal`, `colonia`, `id_municipio`) VALUES
(51370, 'Morelos', 118),
(51373, 'Recibitas (El Remolino)', 118),
(51374, 'Ojo de Agua', 118),
(51375, 'Tejalpa', 118),
(51380, 'San Antonio Acahualco', 118),
(51383, 'Cuauhtémoc', 118),
(51384, 'El Contadero de Matamoros (San José)', 118),
(51385, 'Ciendabajo (Hacienda de Abajo)', 118),
(51386, 'La Cañada (Cañada Grande)', 118),
(51390, 'La Puerta del Monte', 118),
(51393, 'Loma Alta', 118),
(51400, 'Hidalgo', 82),
(51410, 'San José de la Laguna', 82),
(51412, 'México 68', 82),
(51413, 'San Gabriel Pantoja', 82),
(51414, 'Paso de Vigas', 82),
(51415, 'El Calvario', 82),
(51416, 'San Lucas del Maíz (San Lucas)', 82),
(51417, 'Sauz de San Lucas (El Sauz)', 82),
(51418, 'Cerro Alto (Milpa Vieja)', 82),
(51422, 'La Estancia de Ixtapan', 82),
(51423, 'Arballo', 82),
(51424, 'El Sauz Ocotepec (El Sauz)', 82),
(51425, 'El Zapote de Ixtapan (El Zapote)', 82),
(51426, 'Ilamos', 82),
(51427, 'Acamuchitlán', 82),
(51428, 'La Florida (Kilómetro 5)', 82),
(51430, 'Bejucos de Sánchez Colin', 82),
(51432, 'Cerro de los Huérfanos', 82),
(51433, 'El Zapote de Acamuchitlán (El Zapote)', 82),
(51434, 'El Guayabo', 82),
(51435, 'Paso del Guayabal (El Paso)', 82),
(51436, 'Las Lomas (Los Depósitos)', 82),
(51437, 'El Picacho del Rincón del Guayabal', 82),
(51440, 'El Progreso de Luvianos', 123),
(51442, 'Trojes Rancho', 123),
(51443, 'El Pie de la Loma', 123),
(51445, 'Rincón de San Sebastián', 123),
(51446, 'Cerro de Castelanes', 123),
(51453, 'El Naranjito', 123),
(51454, 'Carrizal', 123),
(51455, 'Los Tequereques', 123),
(51456, 'Las Anonas', 123),
(51457, 'Cuachinola', 123),
(51458, 'Cuahuilotes', 123),
(51459, 'El Cascalote', 123),
(51462, 'Rincón de Rodríguez', 123),
(51463, 'Alborejo', 123),
(51464, 'Santa Rosa Hermiltepec', 123),
(51465, 'La Minita', 123),
(51466, 'El Tecuan', 123),
(51467, 'La Parota', 123),
(51468, 'Cañada del Campanario', 123),
(51470, 'San Simón de Guerrero', 77),
(51474, 'Cruz Verde', 77),
(51475, 'San José', 77),
(51476, 'Del Monte', 77),
(51477, 'La Sierrita', 77),
(51479, 'Estancia Vieja', 77),
(51480, 'San Diego Cuentla', 77),
(51483, 'Rancho Viejo', 77),
(51484, 'El Mango Cuentla ( El Mango )', 77),
(51485, 'El Jocoyol Cuentla ( Jocoyoles )', 77),
(51486, 'Los Berros Cuentla', 77),
(51500, 'Amatepec', 8),
(51510, 'San Martín', 8),
(51513, 'Rincón de San Simón', 8),
(51514, 'San Miguel (San Miguel Zinacausto)', 8),
(51515, 'El Puerto', 8),
(51516, 'San Felipe de Jesús', 8),
(51517, 'San Simón (San Simón Zozocoltepec)', 8),
(51523, 'Cerro de las Ánimas (El Cerro de las Ánimas)', 8),
(51524, 'Tepehuastitlán', 8),
(51525, 'Salitre Palmarillos', 8),
(51526, 'El Fresno', 8),
(51527, 'Cerro del Campo', 8),
(51530, 'Salitre Santa Bárbara (Santa Bárbara)', 8),
(51533, 'Cerro del Coyol', 8),
(51534, 'La Palma', 8),
(51535, 'El Tamarindo', 8),
(51536, 'San Antonio Matuz', 8),
(51537, 'Amadores (Los Amador)', 8),
(51540, 'Tierra Azul', 8),
(51543, 'La Goleta', 8),
(51544, 'Zacatones', 8),
(51550, 'Tlatlaya', 105),
(51553, 'Peña del Agua', 105),
(51554, 'Corral de Piedra Dos', 105),
(51555, 'La Laguna Puerto de la Arena', 105),
(51556, 'El Limón', 105),
(51557, 'Los Ocotes', 105),
(51558, 'Cuadrilla de los Sotero', 105),
(51559, 'Corral Parota', 105),
(51560, 'Limón Terrero', 105),
(51564, 'El Tiquimil', 105),
(51565, 'El Devanador', 105),
(51566, 'Cacahuananche', 105),
(51568, 'La Lagunilla', 105),
(51569, 'El Reparo', 105),
(51570, 'Santa Ana Zicatecoyan', 105),
(51572, 'Barranca de las Flores', 105),
(51573, 'El Toroal', 105),
(51574, 'Río Topilar', 105),
(51575, 'Charco del Lagarto', 105),
(51576, 'Rancho Cua', 105),
(51577, 'Puerto Seco', 105),
(51578, 'El Mango', 105),
(51579, 'San Felipe Tepehuastitlán', 105),
(51580, 'El Limo', 105),
(51582, 'El Naranjo Palmar Grande', 105),
(51583, 'Macuatitla', 105),
(51584, 'Cuadrilla Nueva', 105),
(51585, 'San Pedro Limón', 105),
(51586, 'Palos Verdes', 105),
(51587, 'El Guayabo', 105),
(51588, 'El Guitarratel', 105),
(51590, 'Rincón Grande', 105),
(51598, 'Las Juntas', 105),
(51599, 'Ancón de la Presa', 105),
(51600, 'Sultepec de Pedro Ascencio de Alquisiras', 80),
(51603, 'Capula', 80),
(51604, 'Real de Abajo (Santa Lucía)', 80),
(51605, 'La Ciénega', 80),
(51606, 'Santo Tomás de las Flores (Santo Tomás)', 80),
(51607, 'La Unión', 80),
(51610, 'Sultepequito', 80),
(51613, 'Santa Anita', 80),
(51614, 'Las Peñas', 80),
(51620, 'Puerto Frío', 80),
(51623, 'Puentecillas', 80),
(51624, 'Trojes', 80),
(51633, 'Cruz de Cedro', 80),
(51634, 'Mextepec', 80),
(51635, 'El Potrero (Potrero de Guadalupe)', 80),
(51636, 'Potzontepec', 80),
(51637, 'El Teamate', 80),
(51640, 'San Pedro Hueyahualco', 80),
(51644, 'Jalpan (Jalpa)', 80),
(51645, 'San Miguel Totolmaloya', 80),
(51646, 'El Naranjo', 80),
(51647, 'Xochitla', 80),
(51650, 'Las Joyas', 80),
(51653, 'Laguna Seca', 80),
(51654, 'Tehuilotepec', 80),
(51655, 'El Puerto del Teamate (Puerto de las Majadas)', 80),
(51670, 'Texcaltitlán', 97),
(51673, 'Palo Amarillo', 97),
(51674, 'Palmillas', 97),
(51675, 'San Agustín', 97),
(51676, 'Texcapilla', 97),
(51680, 'Las Lágrimas', 97),
(51690, 'San Miguel', 97),
(51693, 'Jesús del Monte', 97),
(51694, 'Las Paredes', 97),
(51695, 'Huayatenco', 97),
(51696, 'Chiquintepec', 97),
(51697, 'San Francisco', 97),
(51700, 'Primera de San Miguel (La Punta)', 21),
(51704, 'Segunda de San Miguel (El Cerrito)', 21),
(51705, 'Primera de Zacanguillo (Santo Niño Doctor)', 21),
(51713, 'Guadalupe', 21),
(51714, 'Cuentla', 21),
(51715, 'Primera de Analco', 21),
(51716, 'El Potrero', 21),
(51720, 'Loma de Acuitlapilco', 21),
(51723, 'Agua Bendita', 21),
(51724, 'Segunda del Monte (La Presa)', 21),
(51725, 'Las Jaras', 21),
(51726, 'Agua Amarga', 21),
(51727, 'El Potrerito', 21),
(51730, 'Puerta del Carmen', 21),
(51733, 'Meyuca de Morelos', 21),
(51734, 'San Luis', 21),
(51735, 'Adolfo López Mateos', 21),
(51750, 'La Laguna', 21),
(51753, 'La Galera', 21),
(51754, 'Ixtlahuaca de Villada', 21),
(51760, 'Santa Cecilia', 113),
(51765, 'El Islote', 113),
(51766, 'Progreso Hidalgo', 113),
(51767, 'Ejido de la Finca', 113),
(51773, 'Cruz Vidriada', 113),
(51775, 'Santa María', 113),
(51776, 'San Lucas', 113),
(51777, 'San José', 113),
(51780, 'Matlazinca', 113),
(51783, 'Zacango', 113),
(51784, 'El Carmen', 113),
(51785, 'Porfirio Díaz', 113),
(51786, 'Potrero de la Sierra', 113),
(51800, 'Tlapexco', 117),
(51810, 'Huizoltepec', 117),
(51813, 'Ayotuxco', 117),
(51814, 'San Juan', 117),
(51815, 'Gama de la Paz', 117),
(51816, 'El Salto', 117),
(51817, 'Río Florido 1ra. Sección', 117),
(51820, 'Piedra Parada', 117),
(51825, 'Agua Dulce', 117),
(51826, 'La Luz', 117),
(51827, 'Zacualpilla', 117),
(51850, 'Los Barriales', 117),
(51854, 'Memetla', 117),
(51855, 'Yolotepec', 117),
(51856, 'Coronas', 117),
(51857, 'La Cofradia', 117),
(51860, 'Cuarta Manzana', 4),
(51863, 'Totoltepec de Arriba', 4),
(51864, 'San Andrés Tepetitlán', 4),
(51865, 'Quinta Manzana', 4),
(51866, 'Tepehuajes', 4),
(51867, 'Llano de las Casas', 4),
(51870, 'Cuauhtenco', 4),
(51874, 'Los Pinos', 4),
(51875, 'Plan de Vigas', 4),
(51880, 'Los Pérez', 4),
(51883, 'Triguillos', 4),
(51900, 'Ixtapan de la Sal', 40),
(51904, 'Santa Ana', 40),
(51905, 'Santa Catarina', 40),
(51906, 'Los Cedros', 40),
(51907, 'San Gaspar', 40),
(51910, 'El Abrojo', 40),
(51915, 'Juárez', 40),
(51916, 'El Rincón de Dios Yerbas Buenas', 40),
(51917, 'Palo Blanco', 40),
(51920, 'Portezuelos Uno (San Andrés)', 40),
(51923, 'Yautepec', 40),
(51924, 'Ixtamil', 40),
(51930, 'Malinaltenango', 40),
(51933, 'San Pedro Tecomatepec', 40),
(51936, 'Coaxusco', 40),
(51937, 'Mesón Nuevo', 40),
(51950, 'Santa María Sur', 107),
(51953, 'Paso de San Juan', 107),
(51954, 'La Comunidad', 107),
(51955, 'San Miguel', 107),
(51956, 'El Trapiche', 107),
(51959, 'Los Amates (San José de los Amates)', 107),
(51960, 'Tlacopan', 107),
(51963, 'San Bartolo', 107),
(51964, 'El Terrero', 107),
(51970, 'El Zapote', 107),
(51973, 'La Puerta de Santiago', 107),
(51974, 'Ojo de Agua', 107),
(51976, 'Llano de Solidaridad', 107),
(51977, 'La Vega', 107),
(51980, 'San Miguel', 119),
(51984, 'Guadalupe Ahuacatlán', 119),
(51985, 'Llano del Copal', 119),
(51986, 'San Miguel Atiopa', 119),
(51987, 'San Antonio Guadalupe', 119),
(51988, 'Guadalupe Tlapizalco', 119),
(51989, 'Santa Cruz los Pilares', 119),
(51990, 'San Gaspar', 119),
(51994, 'Santa María la Asunción', 119),
(51995, 'San Pedro Guadalupe (Despoblado)', 119),
(51996, 'Ahuatzingo', 119),
(51997, 'El Tamarindo', 119),
(52000, 'Lerma de Villada Centro', 51),
(52004, 'La Mota', 51),
(52005, 'San José el Llanito', 51),
(52006, 'El Calvario la Merced', 51),
(52010, 'La Loma', 51),
(52020, 'San Lorenzo Huitzizilapan', 51),
(52030, 'San Pedro Tultepec', 51),
(52040, 'La Joya', 51),
(52043, 'Santiago Analco', 51),
(52044, 'Santa María Atarasquillo', 51),
(52045, 'Llano Capacho', 51),
(52046, 'Chignahuapa', 51),
(52047, 'La Manga ( La Laguna )', 51),
(52050, 'San Lorenzo Huitzizilapan', 51),
(52054, 'La Joya', 51),
(52055, 'Reforma Tlalmimilolpan', 51),
(52059, 'Las Mesas Huitzizilapan', 51),
(52060, 'San Francisco Xonacatlán de Vicencio', 115),
(52064, 'San Antonio', 115),
(52065, 'Emiliano Zapata', 115),
(52067, 'La Jardona', 115),
(52070, 'Santa María Zolotepec', 115),
(52073, 'La Herradura  ( La Soledad )', 115),
(52074, 'San Juan', 115),
(52075, 'La Cañada', 115),
(52076, 'Paraje el Candelero', 115),
(52077, 'San Juan el Potrero (El Potrero)', 115),
(52080, 'Villa Cuauhtémoc', 67),
(52082, 'Fabrica María', 67),
(52083, 'De la Barranca', 67),
(52084, 'La Raya', 67),
(52085, 'De San Juan', 67),
(52088, 'Guadalupe Victoria', 67),
(52089, 'Villa Seca (La Providencia Villa Seca)', 67),
(52090, 'Zona Número Dos San Mateo Capulhuac', 67),
(52095, 'La Concepción de Hidalgo', 67),
(52096, 'Santa Ana Jilotzingo', 67),
(52100, 'San Mateo Atenco Centro', 76),
(52104, 'Cuauhtémoc', 76),
(52105, 'Buenavista', 76),
(52106, 'Francisco I. Madero', 76),
(52107, 'San Román', 76),
(52110, 'Emiliano Zapata', 76),
(52120, 'Reforma', 76),
(52140, 'Casa del Pedregal', 54),
(52143, 'San Miguel Totocuitlapilco', 54),
(52144, 'Agrícola Álvaro Obregón', 54),
(52145, 'San Lucas Tunco', 54),
(52146, 'San Sebastián', 54),
(52147, 'San Gaspar Tlahuelilpan', 54),
(52148, 'Llano Grande', 54),
(52149, 'Los Vitrales', 54),
(52150, 'Misión Viejo', 54),
(52154, 'Arboledas I', 54),
(52155, 'Los Girasoles', 54),
(52156, 'El Portón I, II, III', 54),
(52157, 'Las Haciendas', 54),
(52158, 'Rincón de San Gabriel', 54),
(52159, 'La Joya', 54),
(52160, 'Las Jaras', 54),
(52161, 'Santa María Magdalena Ocotitlán', 54),
(52163, 'Oficina Federal de Hacienda', 54),
(52164, 'Unión', 54),
(52165, 'Santa Cruz Ocotitlán', 54),
(52166, 'Luisa Isabel Campos de Jiménez Cantú', 54),
(52167, 'Isidro Fabela', 54),
(52168, 'Municipal', 54),
(52169, 'Las Glorias', 54),
(52170, 'Real de San Jerónimo', 54),
(52172, 'ISSEMYM la Providencia', 54),
(52175, 'Los Arcos', 54),
(52176, 'Izcalli Cuauhtémoc I', 54),
(52177, 'Citlali', 54),
(52178, 'Campestre del Virrey', 54),
(52179, 'Arboledas II', 54),
(52180, 'Mexicaltzingo', 55),
(52182, 'Tecuanapa', 55),
(52183, 'El Calvario Tepanuaya', 55),
(52184, 'Metztli', 55),
(52185, 'Mazachulco', 55),
(52186, 'Bohuantitla', 55),
(52187, 'El Trozo', 55),
(52189, 'San Isidro', 55),
(52200, 'Calimaya', 18),
(52203, 'Santa Cecilia', 18),
(52204, 'Guadalupe', 18),
(52205, 'Sauces', 18),
(52210, 'Zaragoza de Guadalupe', 18),
(52213, 'El Calvario', 18),
(52214, 'La Loma', 18),
(52215, 'Las Jarillas', 18),
(52220, 'San Andrés Ocotlán', 18),
(52223, 'San Bartolito Tlaltelolco', 18),
(52224, 'La Concepción Coatipac (La Conchita)', 18),
(52225, 'Arboledas (San Andrés)', 18),
(52226, 'Residencial Rancho el Mesón', 18),
(52227, 'Villas del Campo', 18),
(52228, 'Cruz de la Misión', 18),
(52230, 'Santa María', 18),
(52233, 'La Guadalupana', 18),
(52234, 'San Marcos de la Cruz', 18),
(52235, 'El Arenal', 18),
(52236, 'El Tarimoro', 18),
(52240, 'Chapultepec', 27),
(52243, 'Del Campesino', 27),
(52244, 'Santa Teresa', 27),
(52250, 'La Presa (Ejido de Chapultepec)', 27),
(52253, 'El Calvario', 27),
(52254, 'Los Ciruelos  (Rancho el Iris)', 27),
(52280, 'San Antonio la Isla', 73),
(52282, 'Ex Rancho San Dimas', 73),
(52286, 'San Antonio', 73),
(52290, 'San Agustín', 73),
(52300, 'Centro', 90),
(52303, 'Santo Niño de Atocha', 90),
(52304, 'La Estación', 90),
(52305, 'El Festival', 90),
(52307, 'Monte Calvario', 90),
(52310, 'San Francisco Tetetla', 90),
(52315, 'Santiaguito Cuaxustenco', 90),
(52316, 'Las Cruces', 90),
(52317, 'Gómez Tagle', 90),
(52320, 'Santa María Jajalpa', 90),
(52323, 'La Hacienda de Cuautenango', 90),
(52330, 'San Pedro Zictepec', 90),
(52333, 'San Francisco Tepexoxuca', 90),
(52334, 'La Herradura', 90),
(52336, 'La Haciendita', 90),
(52337, 'La Isleta (Islote)', 90),
(52340, 'San Francisco Putla', 90),
(52343, 'San Isidro', 90),
(52345, 'San Miguel Balderas', 90),
(52346, 'Loma Rancho Juan Méndez', 90),
(52347, 'San Juan Tepehuixco', 90),
(52350, 'San Bartolomé Atlatlahuca', 90),
(52353, 'Los Cedros', 90),
(52354, 'Las Minas', 90),
(52355, 'El Zarzal', 90),
(52356, 'San Román (El Llano)', 90),
(52357, 'La Loma (Las Ruinas)', 90),
(52360, 'Santa María Rayón Centro', 72),
(52362, 'La Pirámide', 72),
(52363, 'Niños Héroes', 72),
(52364, 'Sanabria', 72),
(52365, 'San Juan de la Isla', 72),
(52366, 'San José', 72),
(52367, 'Ex-Hacienda Santiaguito', 72),
(52370, 'Joquicingo', 49),
(52374, 'Maxtleca de Galeana', 49),
(52376, 'El Ojo de Agua', 49),
(52380, 'San Miguel de Ocampo', 49),
(52384, 'San Pedro Cerro las Rosas (La Prepa)', 49),
(52387, 'Techuchulco de Allende', 49),
(52390, 'El Guarda de Guerrero (San José el Guarda)', 49),
(52400, 'ISSEMYM', 88),
(52403, 'El Chiflón', 88),
(52410, 'San Vicente', 88),
(52413, 'San Antonio Agua Bendita', 88),
(52414, 'Santa Ana Ixtlahuatzingo (Santa Ana)', 88),
(52415, 'La Compuerta', 88),
(52416, 'Plan de San Martín', 88),
(52420, '14 de Marzo', 88),
(52423, 'San Gabriel Zepayautla', 88),
(52424, 'San Simonito', 88),
(52425, 'San Pedro Ejido Tecomatlán', 88),
(52426, 'Tepoxtepec', 88),
(52427, 'Guadalupe Victoria', 88),
(52430, 'Ixpuichiapan', 88),
(52433, 'Emiliano Zapata Ejido de Tenancingo', 88),
(52434, 'San José Chalmita', 88),
(52435, 'Ixpuichiapan', 88),
(52436, 'El Salitre', 88),
(52437, 'La Loma', 88),
(52440, 'La Soledad', 52),
(52443, 'San Nicolás', 52),
(52444, 'San Simón el Alto', 52),
(52460, 'Chalma', 52),
(52463, 'Pachuquilla', 52),
(52464, 'El Puentecito', 52),
(52465, 'Amate Amarillo', 52),
(52466, 'Monte Grande', 52),
(52467, 'Tepehuajes', 52),
(52470, 'Noxtepec de Zaragoza', 52),
(52473, 'San Pedro Chichicasco', 52),
(52476, 'Juárez', 52),
(52477, 'La Angostura', 52),
(52480, 'Ocuilán de Arteaga', 63),
(52483, 'Chalmita', 63),
(52484, 'Santa Cruz Tezontepec', 63),
(52485, 'La Esperanza', 63),
(52486, 'Cinco Caminos', 63),
(52487, 'Coyoltepec', 63),
(52490, 'La Lagunita', 63),
(52493, 'Ajuchitlán', 63),
(52494, 'Las Trojes', 63),
(52495, 'Santa Martha', 63),
(52496, 'San José el Tótoc', 63),
(52497, 'Pueblo Nuevo', 63),
(52500, 'Santa Cruz Atizapán', 12),
(52503, 'Magisterial', 12),
(52504, 'San José Tepotzoco (Tepotzoco)', 12),
(52505, 'El Tepiololco', 12),
(52506, 'La Remolacha', 12),
(52540, 'Loma Linda', 6),
(52542, 'La Puerta', 6),
(52544, 'Campesina-Emiliano Zapata', 6),
(52570, 'San Mateo Texcalyacac', 98),
(52600, 'Cipreses', 101),
(52603, 'Guadalupe Yancuictlalpan (Gualupita)', 101),
(52604, 'San Isidro', 101),
(52605, 'La Mora', 101),
(52607, 'La Palma', 101),
(52613, 'San José Mezapa Sección Uno', 101),
(52614, 'San Lorenzo Huehuetitlán', 101),
(52640, 'San Miguel', 101),
(52644, 'El Buen Suceso', 101),
(52645, 'San Isidro', 101),
(52646, 'El Tejocote', 101),
(52650, 'Santiago Tilapa', 101),
(52653, 'Coamilpa de Juárez (El Colero)', 101),
(52654, 'San Felipe Mirasol (El Mirasol)', 101),
(52656, 'La Magdalena de los Reyes (La Magdalena)', 101),
(52660, 'San Nicolás Coatepec', 101),
(52663, 'Tierra Colorada', 101),
(52664, 'Pueblo Nuevo', 101),
(52665, 'La Lagunilla', 101),
(52666, 'Atlantlacpac', 101),
(52667, 'Ocotenco', 101),
(52680, 'Xalatlaco', 43),
(52683, 'San Bartolito', 43),
(52684, 'Morelos', 43),
(52685, 'Santa Fe Mezapa', 43),
(52686, 'Cuixapa (Cuexapa)', 43),
(52688, 'Cruz Larga', 43),
(52689, 'El Potrero', 43),
(52690, 'El Capulín', 43),
(52693, 'Jaras Verdes', 43),
(52700, 'Centro', 19),
(52710, 'San Juan Bautista', 19),
(52713, 'Guadalupe Victoria', 19),
(52714, 'La Lagunilla', 19),
(52715, 'Molino de San Cayetano', 19),
(52720, 'San Isidro', 19),
(52723, 'La Poza', 19),
(52730, 'San Miguelito', 19),
(52733, 'Santa María Coaxusco', 19),
(52740, 'Centro Ocoyoacac', 62),
(52743, 'El Portezuelo', 62),
(52750, 'Texcalpa (Ex-hacienda Texcalpa)', 62),
(52753, 'La Lomita', 62),
(52754, 'San Isidro Tehualtepec', 62),
(52755, 'El Llano del Compromiso', 62),
(52756, 'Puerta del Carmen', 62),
(52757, 'San Pedro Cholula', 62),
(52760, 'San Ramón', 37),
(52763, 'Vista Horizonte', 37),
(52764, 'Jesús del Monte', 37),
(52765, 'Esfuerzo Obrero', 37),
(52766, 'El Mirasol', 37),
(52767, 'El Palacio', 37),
(52768, 'San Juan Yautepec', 37),
(52769, 'Agua de Santo', 37),
(52770, 'Paseos del Bosque', 37),
(52773, 'El Escobal', 37),
(52774, 'El Pedregal', 37),
(52775, 'Tierra y Libertad', 37),
(52776, 'La Unidad', 37),
(52777, 'Federal Burocrática', 37),
(52778, 'Ampliación Palo Solo', 37),
(52779, 'Conjunto Urbano Green House', 37),
(52780, 'Lomas de Tecamachalco Sección Bosques I y II', 37),
(52783, 'Bosques de la Herradura', 37),
(52784, 'La Herradura Sección I', 37),
(52785, 'Lomas de La Herradura', 37),
(52786, 'Parques de la Herradura', 37),
(52787, 'Interlomas', 37),
(52788, 'Lomas del Olivo', 37),
(52789, 'El Olivo', 37),
(52790, 'San Francisco Dos Ríos', 37),
(52793, 'El Obraje', 37),
(52794, 'El Guarda', 37),
(52795, 'Santa Cruz Ayotuxco', 37),
(52796, 'San Cristóbal Texcalucan', 37),
(52797, 'San José Huiloteapan', 37),
(52798, 'Cerro de San Francisco', 37),
(52799, 'Agua Bendita', 37),
(52900, 'Ciudad Adolfo López Mateos', 13),
(52909, 'Las Flores', 13),
(52910, 'Los Álamos', 13),
(52915, 'José María Morelos y Pavón', 13),
(52916, 'Conjunto Urbano Ex Hacienda del Pedregal', 13),
(52918, 'Ex-Hacienda el Pedregal', 13),
(52919, 'Universidad Autonoma Metropolitana', 13),
(52920, 'Peñitas', 13),
(52923, 'Villa Jardín', 13),
(52924, 'San José el Jaral', 13),
(52925, 'Lomas de La Hacienda', 13),
(52926, 'Jardines de Monterrey', 13),
(52927, 'San Miguel Xochimanga', 13),
(52928, 'El Campanario', 13),
(52929, 'Hacienda de la Luz', 13),
(52930, 'Bosque Esmeralda', 13),
(52934, 'Rancho Blanco Ejido de Espíritu Santo', 13),
(52936, 'Prado Largo', 13),
(52937, 'Club de Golf Valle Escondido', 13),
(52938, 'Fincas de Sayavedra', 13),
(52939, 'Las Margaritas', 13),
(52940, 'Prof. Cristóbal Higuera', 13),
(52945, 'Rinconada de las Arboledas', 13),
(52946, 'San Juan Bosco', 13),
(52947, 'Lomas Lindas II Sección', 13),
(52948, 'El Pedregal de Atizapán', 13),
(52949, 'Sagitario I', 13),
(52950, 'Las Arboledas', 13),
(52953, 'Torres de Atizapán VI', 13),
(52956, 'Ampliación San Miguel', 13),
(52957, 'Mayorazgos del Bosque', 13),
(52958, 'Los Clubes Metropolitanos', 13),
(52959, 'Club de Golf Hacienda', 13),
(52960, 'Barrio Norte', 13),
(52965, 'La Condesa', 13),
(52966, 'México Nuevo', 13),
(52967, 'Rinconada de Atizapán', 13),
(52968, 'Zona Industrial 2 (México Nuevo)', 13),
(52970, 'Las Alamedas', 13),
(52975, 'Rincón de la Montaña', 13),
(52976, 'Atizapán Moderno', 13),
(52977, 'Lomas de Atizapán', 13),
(52978, 'Jardines de Atizapán', 13),
(52979, 'Alborada', 13),
(52980, 'Los Cajones', 13),
(52985, 'La Nueva Era', 13),
(52986, 'Ignacio López Rayón', 13),
(52987, 'Conjunto Habitacional Villa Sol', 13),
(52988, 'Casitas Capistrano', 13),
(52989, 'Nuevo Madin', 13),
(52990, 'El Chaparral Ampliación', 13),
(52994, 'Lomas de Bellavista', 13),
(52995, 'Club de Golf Bellavista', 13),
(52996, 'Conjunto Taxco', 13),
(52997, 'Cinco de Mayo', 13),
(52998, 'Fuentes del Sol', 13),
(53000, 'San Bartolo Naucalpan (Naucalpan Centro)', 57),
(53010, 'Conjunto San Miguel', 57),
(53030, 'Bosque de los Remedios', 57),
(53040, 'Las Américas', 57),
(53050, 'El Mirador', 57),
(53060, 'Loma Taurina', 57),
(53070, 'Unidad Morelos', 57),
(53100, 'Ciudad Satélite', 57),
(53110, 'Bugambilias', 57),
(53115, 'Lomas de Las Fuentes', 57),
(53116, 'La Alteza', 57),
(53117, 'Cristóbal Colón', 57),
(53119, 'Colonial Satélite', 57),
(53120, 'Lomas Verdes 1a Sección', 57),
(53124, 'Petroquímica Lomas Verdes', 57),
(53125, 'Lomas Verdes 3a Sección', 57),
(53126, 'Lomas Verdes 5a Sección (La Concordia)', 57),
(53127, 'La Alteña I', 57),
(53128, 'Residencial Santa Cruz', 57),
(53129, 'Jardines de Satélite', 57),
(53130, 'Jardines de la Florida', 57),
(53138, 'Hacienda de Cristo (Exhacienda de Cristo)', 57),
(53140, 'Misiones', 57),
(53150, 'Santa Cruz Acatlán', 57),
(53160, 'La Florida', 57),
(53170, 'Loma de Cristy', 57),
(53177, 'Rinconada Diligencias', 57),
(53178, 'La Soledad', 57),
(53179, 'Lomas Verdes INFONAVIT', 57),
(53200, 'La Atalaya', 57),
(53215, 'La Huerta San Mateo', 57),
(53216, 'Santiago Tepatlaxco', 57),
(53217, 'El Tejocote 2da. Sección', 57),
(53218, 'Colinas de San Mateo', 57),
(53219, 'Rincón Verde', 57),
(53220, 'La Joya II', 57),
(53224, 'San Mateo Nopala Zona Norte', 57),
(53227, 'Izcalli San Mateo', 57),
(53228, 'Praderas de San Mateo', 57),
(53229, 'Puente de Piedra', 57),
(53230, 'Los Álamos', 57),
(53237, 'Los Fresnos', 57),
(53239, 'Ampliación Los Fresnos', 57),
(53240, 'Prado San Mateo', 57),
(53247, 'Lomas de Occipaco', 57),
(53248, 'Laderas de San Mateo', 57),
(53250, 'La Palma', 57),
(53260, 'México 68', 57),
(53270, 'Las Papas', 57),
(53278, 'Izcalli del Bosque', 57),
(53279, 'Tercer Mundo', 57),
(53280, 'Ciudad Brisa', 57),
(53283, 'Tiahui', 57),
(53290, 'Vista del Valle Sección Electricistas', 57),
(53296, 'Xalpa de La Huerta', 57),
(53297, 'Paseos del Bosque', 57),
(53298, 'Cumbres de Himalaya', 57),
(53300, 'Colón Echegaray', 57),
(53309, 'Rincón Echegaray', 57),
(53310, 'Bosque de Echegaray', 57),
(53320, 'Diez de Abril', 57),
(53329, 'Rivera de Echegaray', 57),
(53330, 'Cervecera Modelo', 57),
(53338, 'Santa María Nativitas', 57),
(53339, 'Rincón del Bosque de Echegaray', 57),
(53340, 'La Perla', 57),
(53348, 'Industrial La Perla', 57),
(53350, 'Rancho Atenco', 57),
(53370, 'Naucalpan', 57),
(53378, 'Ahuizotla (Santiago Ahuizotla)', 57),
(53390, 'Lomas de Sotelo', 57),
(53398, 'El Parque', 57),
(53400, 'Los Remedios', 57),
(53410, 'Padre Figueroa', 57),
(53420, 'Loma Colorada 1ra. Sección', 57),
(53425, 'El Corralito', 57),
(53426, 'Los Cuartos II', 57),
(53427, 'Las Huertas 2a Sección', 57),
(53428, 'México 86 (La Chacona)', 57),
(53430, 'Los Arcos', 57),
(53440, 'Predio el Zapote', 57),
(53450, 'Ciudad de los Niños', 57),
(53458, 'Bosque de los Remedios', 57),
(53459, 'Ampliación Ciudad de los Niños', 57),
(53460, 'Los Arcos', 57),
(53470, 'Loma de Canteras (Lomas de Cantera)', 57),
(53489, 'Parque Industrial Naucalpan', 57),
(53490, 'Lomas de San Agustín', 57),
(53500, 'El Conde', 57),
(53519, 'Industrial Atoto', 57),
(53520, 'Rosa de Castilla', 57),
(53529, 'Industrial Tlatilco', 57),
(53530, 'Nuevo Molinito', 57),
(53533, 'Campo Militar 1', 57),
(53550, 'Ampliación San Esteban', 57),
(53560, 'Lázaro Cárdenas', 57),
(53569, 'San Francisco Cuautlalpan', 57),
(53570, 'La Cañada', 57),
(53580, 'Reforma San Luís', 57),
(53598, 'Estado de México (El Tambor)', 57),
(53640, 'Nueva San Rafael', 57),
(53650, 'La Cañada de Boche', 57),
(53653, 'Xoyu', 57),
(53654, 'La Mora', 57),
(53655, 'Salinas', 57),
(53658, 'La Magnolia', 57),
(53659, 'Villa Alpina', 57),
(53660, 'San Rafael Chamapa', 57),
(53664, 'Cuartos Constitución (San Rafael Chamapa I)', 57),
(53670, 'Los Cuartos (San Rafael Chamapa I)', 57),
(53680, 'San Rafael Chamapa IV', 57),
(53687, 'San Rafael Chamapa (Tabiquera 1)', 57),
(53688, 'Las Colonias (Predio Las Colonias)', 57),
(53689, 'Izcalli Chamapa', 57),
(53690, 'Valle Dorado (San Rafael Chamapa VI)', 57),
(53694, 'Minas El Coyote', 57),
(53695, 'Minas San Martín', 57),
(53696, 'Mina Palacios (Minas Palacio)', 57),
(53697, 'Minas El Tecolote', 57),
(53698, 'San José Poza Honda', 57),
(53700, 'Ampliación Altamira', 57),
(53708, 'Balcones de Chamapa', 57),
(53710, 'Plan de Ayala', 57),
(53713, 'Vicente Guerrero', 57),
(53714, 'La Mancha III', 57),
(53716, 'La Punta', 57),
(53717, 'La Mancha II', 57),
(53718, 'Alfredo V. Bonfil', 57),
(53719, 'Lomas del Cadete', 57),
(53730, 'San José de los Leones 2a Sección', 57),
(53760, 'San José de los Leones 3a Sección', 57),
(53770, 'El Chamizal', 57),
(53780, 'Mártires de Río Blanco', 57),
(53787, 'Ampliación Mártires de Río Blanco', 57),
(53788, 'La Tolva', 57),
(53790, 'Benito Juárez', 57),
(53798, 'La Radio Benito Juárez', 57),
(53799, 'Ampliación Benito Juárez', 57),
(53800, 'Lomas del Río', 57),
(53809, 'Miramar', 57),
(53810, 'San José Río Hondo (Río Hondo)', 57),
(53819, 'Progreso', 57),
(53820, 'Ricardo Flores Magón', 57),
(53830, 'La Guadalupana', 57),
(53839, 'Rincones del Bosque', 57),
(53840, 'Lomas del Huizachal', 57),
(53900, 'Lomas Hipódromo', 57),
(53909, 'Explanada de las Fuentes', 57),
(53910, 'Lomas Manuel Ávila Camacho', 57),
(53930, 'Country Club', 57),
(53940, 'Río Escondido', 57),
(53950, 'Lomas de Tecamachalco', 57),
(53960, 'Reforma Social (Lomas de San Isidro)', 57),
(53970, 'San Miguel Tecamachalco', 57),
(54000, 'Alta Vista', 104),
(54009, 'La Riviera', 104),
(54010, '21 de Marzo', 104),
(54015, 'Barrientos', 104),
(54016, 'José María Velasco', 104),
(54017, 'Niños Héroes', 104),
(54020, 'Valle Dorado', 104),
(54021, 'Loma Azul', 104),
(54022, 'Robles Patera', 104),
(54023, 'Lomas de Valle Dorado', 104),
(54025, 'Cumbres del Valle', 104),
(54026, 'Las Arboledas', 104),
(54028, 'Laderas de San Javier', 104),
(54030, 'IMSS Tlalnepantla', 104),
(54033, 'La Ferrocarrilera El Hoyo', 104),
(54037, 'El Triángulo', 104),
(54038, 'Rivera del Bosque', 104),
(54040, 'Valle Verde', 104),
(54049, 'Balcones del Valle', 104),
(54050, 'Magisterial Vista Bella', 104),
(54054, 'Club de Golf Bellavista', 104),
(54055, 'San Lucas Tepetlacalco', 104),
(54057, 'Valle de Santa Mónica', 104),
(54059, 'Francisco Villa', 104),
(54060, 'Viveros del Río', 104),
(54063, 'Rinconada del Paraíso', 104),
(54067, 'Tlalcalli', 104),
(54068, 'Benito Juárez Centro', 104),
(54069, 'Las Rosas', 104),
(54070, 'Tlalnemex', 104),
(54073, 'Los Reyes', 104),
(54075, 'Los Reyes', 104),
(54076, 'Los Tejavanes', 104),
(54080, 'Bellavista Puente de Vigas', 104),
(54090, 'San Pablo Xalpa', 104),
(54092, 'Rosario 1 Sector CROC V Bugambilias', 104),
(54093, 'Rosario II Gasera', 104),
(54094, 'Rosario II Hipódromo Textil', 104),
(54098, 'Gustavo Baz Prada Los Reyes Ixtacala', 104),
(54100, 'San Lucas Patoni', 104),
(54108, 'La Sideral', 104),
(54109, 'La Arboleda', 104),
(54110, 'Franja Municipal', 104),
(54118, 'Franja Férrea', 104),
(54119, 'El Olivo II Parte Baja', 104),
(54120, 'Rancho San Rafael Amates', 104),
(54124, 'Cuauhtémoc', 104),
(54126, 'Tabla Honda', 104),
(54127, 'Ferrocarrilera San Rafael', 104),
(54128, 'Condominios San Rafael', 104),
(54130, 'Jardines de la Cañada', 104),
(54134, 'Jardines de Santa Cecilia', 104),
(54135, 'San Buenaventura', 104),
(54136, 'San Buenaventura', 104),
(54140, 'Izcalli Pirámide', 104),
(54142, 'Chalma La Unión', 104),
(54143, 'Chalma La Barranca', 104),
(54145, 'Tabla Honda', 104),
(54146, 'La Cuchilla', 104),
(54147, 'El Tenayo', 104),
(54149, 'Hugo Cervantes del Río', 104),
(54150, 'Loma Escondida', 104),
(54152, 'La Purísima', 104),
(54158, 'Poder de Dios', 104),
(54160, 'La Joya Ixtacala', 104),
(54162, 'Ceylán Ixtacala', 104),
(54168, 'San Juan Ixtacala Ampliación Norte', 104),
(54170, 'Venustiano Carranza', 104),
(54172, 'Ex Hacienda de En Medio', 104),
(54173, 'Maravillas Ceylán', 104),
(54180, 'Atrás del Tequiquil', 104),
(54187, 'Ecuestre Residencial San José', 104),
(54189, 'Lázaro Cárdenas 3ra. Sección', 104),
(54190, 'Marina Nacional', 104),
(54193, 'Ex-Ejido de Tepeolulco', 104),
(54195, 'Colinas de San José', 104),
(54196, 'Bahía del Copal', 104),
(54197, 'San Isidro Ixhuatepec', 104),
(54198, 'Lomas de Lindavista El Copal', 104),
(54200, 'Polotitlán de la Ilustración', 71),
(54203, 'Loma Bonita', 71),
(54204, 'El Álamo', 71),
(54220, 'San Francisco Acazuchitlaltongo', 71),
(54223, 'Ruano', 71),
(54224, 'Encinillas', 71),
(54225, 'San Isidro el Chico', 71),
(54226, 'San Antonio el Viejo', 71),
(54227, 'Cerro Gordo', 71),
(54233, 'El Gavillero de la Trinidad (La Curva)', 71),
(54234, 'Lázaro Cárdenas (San Rafael)', 71),
(54235, 'San Nicolás de los Cerritos', 71),
(54236, 'San Antonio Escobedo', 71),
(54237, 'San Agustín el Cuervo', 71),
(54239, 'San Antonio Escobedo Norte', 71),
(54240, 'Jilotepec de Molina Enríquez', 45),
(54246, 'Vista Hermosa', 45),
(54250, 'San Pablo Huantepec', 45),
(54253, 'La Merced', 45),
(54254, 'Doxhicho', 45),
(54255, 'Magueycitos', 45),
(54256, 'Las Huertas', 45),
(54257, 'El Xhitey', 45),
(54260, 'Buenavista', 45),
(54263, 'Teupan', 45),
(54264, 'El Majuay', 45),
(54265, 'La Comunidad', 45),
(54270, 'San Miguel de La Victoria', 45),
(54273, 'San Lorenzo Nenamicoyan', 45),
(54274, 'San Juan Acazuchitlán', 45),
(54275, 'Durazno de Guerrero', 45),
(54276, 'Ejido de Acazuchitlan', 45),
(54280, 'La Providencia', 79),
(54283, 'El Capulín', 79),
(54284, 'San Agustín Buenavista', 79),
(54285, 'El Divisadero de Zapata', 79),
(54290, 'Santa Cruz (Ejido de Palos Altos)', 79),
(54293, 'Quinta Manzana de San José Deguedó', 79),
(54294, 'Vista Hermosa', 79),
(54295, 'Palos Altos', 79),
(54296, 'San José Deguedo', 79),
(54297, 'San Juan Daxthi', 79),
(54300, 'Villa del Carbón', 112),
(54310, 'San Jeronimo Zacapexco', 112),
(54313, 'Loma de la Hacienda', 112),
(54314, 'La Bellota', 112),
(54315, 'El Plan Villa', 112),
(54320, 'La Arrastradera', 112),
(54324, 'El Arenal', 112),
(54325, 'San Luis Taxhimay', 112),
(54326, 'Los Oratorios', 112),
(54327, 'Los Madroños', 112),
(54330, 'Llano de Zacapexco', 112),
(54333, 'Loma de Don Juan', 112),
(54334, 'La Cruz del Arenal', 112),
(54335, 'Molinitos', 112),
(54336, 'Piequexhimo', 112),
(54337, 'San Isidro del Bosque', 112),
(54340, 'Pueblo Nuevo', 112),
(54345, 'Los Arana', 112),
(54346, 'El Cerrito', 112),
(54350, 'Chapa de Mota', 26),
(54360, 'Ventey', 26),
(54363, 'La Soledad', 26),
(54364, 'San José Ampabi', 26),
(54365, 'Xhoñe', 26),
(54366, 'Mefi', 26),
(54367, 'Santa María', 26),
(54373, 'Los Limones', 26),
(54374, 'La Concepción', 26),
(54375, 'El Salto', 26),
(54380, 'Danxhó', 26),
(54383, 'La Ladera', 26),
(54384, 'La Loma', 26),
(54385, 'San Felipe Coamango', 26),
(54386, 'San Gabriel', 26),
(54387, 'El Quinte', 26),
(54400, 'Benito Juárez 1a. Sección (Cabecera Municipal)', 60),
(54402, 'Barrón', 60),
(54405, 'Benito Juárez', 60),
(54407, 'Libertad 2a Sección', 60),
(54408, 'Jorge Jiménez Cantú', 60),
(54409, 'San Marcos', 60),
(54410, 'El Globo', 60),
(54413, 'Cinco de Febrero', 60),
(54414, 'Vista Hermosa 1a. Sección', 60),
(54416, 'Cumbres', 60),
(54417, 'Azotlán Parte Baja', 60),
(54420, 'Los Manantiales', 60),
(54424, 'San Miguel Hila', 60),
(54425, 'Vicente Guerrero 1a. Sección', 60),
(54426, 'Vicente Guerrero Barrón', 60),
(54430, 'Loma de Chapultepec', 60),
(54434, 'Santa Anita', 60),
(54435, 'Veintidós de Febrero', 60),
(54439, 'Transfiguración', 60),
(54440, 'San Francisco Magu', 60),
(54448, 'Puerto Magú', 60),
(54449, 'San José el Vidrio', 60),
(54455, 'Morelos', 60),
(54457, 'Ignacio Zaragoza', 60),
(54459, 'El Gavillero', 60),
(54460, 'La Concepción', 60),
(54463, 'Llano Grande', 60),
(54464, 'La Concepción (El Escobal)', 60),
(54466, 'Cantaros II', 60),
(54467, 'Elsa Córdova Morán', 60),
(54469, 'Benito Juárez Barrón', 60),
(54470, 'San Ildefonso', 60),
(54473, 'Bulevares del Lago', 60),
(54474, 'Granjas de Guadalupe 1a. Sección', 60),
(54475, 'La Colmena', 60),
(54476, 'Sitio 217', 60),
(54477, 'San Isidro La Paz 3a. Sección', 60),
(54480, 'Tlazala de Fabela', 38),
(54483, 'Laureles', 38),
(54484, 'Miraflores', 38),
(54485, 'La Palma', 38),
(54486, 'Aurora', 38),
(54490, 'Miraflores', 38),
(54493, 'Palma (Ejido San Francisco)', 38),
(54494, 'Los Jarros', 38),
(54495, 'Cañada de Onofres', 38),
(54539, 'Guadalupe', 60),
(54570, 'Monfi', 46),
(54571, 'San Miguel Tecpan', 46),
(54573, 'Quishiguada', 46),
(54574, 'Las Manzanas', 46),
(54575, 'Dangú', 46),
(54600, 'San Mateo Xoloc', 95),
(54602, 'San José', 95),
(54603, 'Capula', 95),
(54604, 'Santa Cruz', 95),
(54605, 'Cedros', 95),
(54607, 'Ricardo Flores Magón', 95),
(54608, 'Los Álamos', 95),
(54610, 'Puente Grande', 95),
(54614, 'El Trébol', 95),
(54615, 'Lumbrera II', 95),
(54616, 'Arboleda', 95),
(54640, 'El Gavillero', 95),
(54645, 'Arcos del Sitio', 95),
(54650, 'Lanzarote', 95),
(54655, 'La Concepción', 95),
(54656, 'San Miguel Cañadas', 95),
(54658, 'Las Lechuguillas', 95),
(54660, 'Coyotepec', 23),
(54665, 'Caltenco', 23),
(54666, 'Cimapan', 23),
(54667, 'Santiago', 23),
(54668, 'Pueblo Nuevo', 23),
(54680, 'Huehuetoca', 35),
(54683, 'Ex-Hacienda de Jalpa', 35),
(54684, 'Puente Grande', 35),
(54685, 'La Cañada', 35),
(54687, 'Hacienda las Misiones', 35),
(54690, 'Ejido de Jalpa', 35),
(54693, 'Privadas del Valle', 35),
(54694, 'Santa Teresa', 35),
(54696, 'CITARA', 35),
(54697, 'Jorobas', 35),
(54700, 'Cuautitlán Izcalli Centro Urbano', 121),
(54710, 'Bellavista', 121),
(54712, 'Bosques de Xhala', 121),
(54713, 'El Sabino', 121),
(54714, 'Parque industrial Xhala', 121),
(54715, 'Arboledas de San Miguel', 121),
(54716, 'Residencial la Luz', 121),
(54719, 'URBI Quinta Montecarlo', 121),
(54720, 'Sección Parques', 121),
(54725, 'Rinconada San Miguel', 121),
(54729, 'San Juan Atlamica', 121),
(54730, 'San Isidro', 121),
(54740, 'La Perla', 121),
(54743, 'Valle de San Lucas', 121),
(54744, 'Colinas del Lago', 121),
(54745, 'San Francisco Tepojaco', 121),
(54750, 'Arcos del Alba', 121),
(54753, 'Bosques del Alba II', 121),
(54759, 'Loma Bonita', 121),
(54760, 'Bosques de Morelos', 121),
(54763, 'Ejidal San Isidro', 121),
(54764, 'Santa María de Guadalupe la Quebrada', 121),
(54765, 'El Tikal', 121),
(54766, 'Bosques del Lago', 121),
(54767, 'Granjas Lomas de Guadalupe', 121),
(54769, 'Valle Esmeralda', 121),
(54770, 'Tlatenco', 91),
(54783, 'La Providencia', 91),
(54784, 'Santiago', 91),
(54785, 'Ex-Hacienda San José Puente Grande', 91),
(54786, 'Zimapan', 91),
(54800, 'Paseo de Santa María', 24),
(54803, 'Joyas de Cuautitlán', 24),
(54804, 'Tecoac-Monales', 24),
(54805, 'Ejidos de Guadalupe', 24),
(54807, 'El Huerto', 24),
(54830, 'La Arboleda', 24),
(54831, 'Santa María Huecatitla', 24),
(54834, 'San José Puente Grande', 24),
(54835, 'Venecia', 24),
(54836, 'El Mecate', 24),
(54840, 'Juan Diego', 24),
(54850, 'La Trinidad', 24),
(54855, 'Tizoc', 24),
(54857, 'Tlaxculpas', 24),
(54858, 'Cebadales Primera Sección', 24),
(54860, 'San Mateo Ixtacalco Fracción Tlaxculpas', 24),
(54870, 'El Paraíso', 24),
(54875, 'Foresta Residencial', 24),
(54877, 'El Paraíso FOVISSSTE', 24),
(54878, 'El Infiernillo', 24),
(54879, 'El Partidor', 24),
(54880, 'Melchor Ocampo Centro', 53),
(54882, 'San Isidro', 53),
(54883, 'San Antonio', 53),
(54884, 'Tepetongo', 53),
(54890, 'Visitación', 53),
(54893, '2 de Septiembre', 53),
(54894, 'La Florida', 53),
(54900, 'San Bartolo', 109),
(54910, 'Fuentes del Valle', 109),
(54913, 'COCEM', 109),
(54914, 'Unidad Electricistas', 109),
(54915, 'Rincón Colonial', 109),
(54916, 'Lázaro Cárdenas (Zona Hornos)', 109),
(54918, 'Tultitlán', 109),
(54920, 'Jardines de los Claustros III', 109),
(54924, 'Conjunto Cristal', 109),
(54925, 'Hacienda San Pablo', 109),
(54926, 'Galaxias Tultitlán', 109),
(54927, 'Las Tórtolas', 109),
(54929, 'Alborada I', 109),
(54930, 'Solidaridad Social (Lote 105)', 109),
(54932, 'Magnolias 2000', 109),
(54933, 'Jardines de San Pablo', 109),
(54934, 'Gustavo Baz', 109),
(54935, 'La Isla', 109),
(54938, 'Ampliación San Pablo de las Salinas', 109),
(54939, 'Paraje San Pablito', 109),
(54940, 'Lechería', 109),
(54942, 'Ampliación Las Torres Segunda Sección', 109),
(54943, 'Ojo de Agua Primera Sección', 109),
(54944, 'Buenavista Parte Baja', 109),
(54945, 'Valle de Tules', 109),
(54946, 'Mariano Escobedo', 109),
(54948, 'Bello Horizonte', 109),
(54949, 'Santa María Cuautepec', 109),
(54950, 'La Sardaña', 109),
(54954, 'Ampliación San Marcos', 109),
(54955, 'Ampliación Buenavista 1ra. Sección', 109),
(54957, 'Sierra de Guadalupe', 109),
(54958, 'Lomas del Parque II', 109),
(54959, 'El Paraje', 109),
(54960, 'El Carmen', 108),
(54962, 'Tlamelaca', 108),
(54963, 'Antigua', 108),
(54964, 'San Miguel Otlica', 108),
(54965, 'Jardines de Santa Cruz', 108),
(54966, 'Guadalupe Tlazintla', 108),
(54967, 'El Mirador', 108),
(54970, 'Vicente Suárez', 108),
(54972, 'La Aurora', 108),
(54974, 'Adoberas', 108),
(54975, 'Amado Nervo', 108),
(54976, 'San Antonio Xahuento', 108),
(54977, 'La Saucera', 108),
(54980, 'Santiago Teyahualco', 108),
(54983, 'San Pablito', 108),
(54984, 'La Mitra', 108),
(54985, 'INFONAVIT C.T.M. San Pablo Tultepec', 108),
(54986, 'Diez de Junio', 108),
(54987, 'Hacienda Real de Tultepec', 108),
(54990, 'Santiago Teyahualco', 108),
(55000, 'La Cruz de San Cristóbal', 33),
(55010, 'Mathzi II', 33),
(55014, 'Parque Residencial Coacalco', 33),
(55016, 'Tía Joaquina', 33),
(55017, 'El Tejocote', 33),
(55018, 'San Carlos', 33),
(55020, 'La Monera', 33),
(55023, 'Los Héroes Ecatepec Sección IV', 33),
(55024, 'San Cristóbal', 33),
(55025, 'San Benjamin', 33),
(55027, 'La Huerta', 33),
(55028, 'Vista Hermosa', 33),
(55029, 'San Francisco de Asís', 33),
(55030, 'Chula Vista', 33),
(55036, 'La Panorámica', 33),
(55037, 'El Capulín', 33),
(55038, 'Floresta', 33),
(55039, 'Las Palmas II', 33),
(55040, 'Boulevares Impala', 33),
(55050, 'Gustavo Baz Prada', 33),
(55055, 'El Sol de Ecatepec', 33),
(55056, 'Villas de Ecatepec', 33),
(55057, 'Rinconada San Martín', 33),
(55059, 'Pirules de Villancico 1a Sección', 33),
(55060, 'La Guadalupana', 33),
(55063, 'Ciudad Cuauhtémoc Sección Chiconautla 3000', 33),
(55064, 'San Isidro Atlautenco', 33),
(55065, 'Santa Cruz Venta de Carpio', 33),
(55066, 'Los Ídolos', 33),
(55067, 'Ciudad Cuauhtémoc Sección Tlaloc', 33),
(55068, 'Santo Tomás Chiconautla', 33),
(55069, 'Los Pajaritos', 33),
(55070, 'Colonial Ecatepec', 33),
(55074, 'Los Alcatraces', 33),
(55075, 'Jardines de Morelos 5a Sección', 33),
(55076, 'Las Américas', 33),
(55080, 'Lomas de Ecatepec', 33),
(55084, 'El Ranchito', 33),
(55085, 'Viveros Tulpetlac', 33),
(55087, 'Lomas de San Carlos Zona Comunal', 33),
(55090, 'Río Piedras', 33),
(55094, 'Villas Jajalpa', 33),
(55095, 'Jajalpa', 33),
(55100, 'Tulpetlac', 33),
(55104, 'Granjas Populares Guadalupe Tulpetlac', 33),
(55105, 'El Paraíso', 33),
(55107, 'Industrias Tulpetlac', 33),
(55114, 'Tolotzin I', 33),
(55115, 'José María Morelos y Pavón Sagitario X', 33),
(55117, 'Josefa Ortiz de Domínguez Sagitario VII', 33),
(55118, 'Alfredo del Mazo', 33),
(55119, 'El Dique', 33),
(55120, 'Ciudad Azteca Sección Poniente', 33),
(55125, 'Aldeas de Aragón I', 33),
(55126, 'Profopec (Polígono I)', 33),
(55127, 'Profopec IV (Polígono IV El Cegor)', 33),
(55128, 'José Antonio Torres', 33),
(55129, 'Josefa Ortiz de Domínguez', 33),
(55130, 'Nuevo Paseo de San Agustín 3a Sección', 33),
(55135, 'Laderas del Peñón', 33),
(55137, 'INDECO Santa Clara (Campiñas de Aragón)', 33),
(55138, 'Valle de Santiago', 33),
(55139, 'Campiñas de Aragón', 33),
(55140, 'Jardines de Aragón', 33),
(55146, 'Tolotzin II', 33),
(55147, 'Los Álamos', 33),
(55148, 'Villas de Aragón', 33),
(55149, 'Ignacio Allende', 33),
(55158, 'Profopec (Polígono II)', 33),
(55170, 'Sagitario IV', 33),
(55176, 'Profopec (Polígono V)', 33),
(55180, 'México Colonial II', 33),
(55187, 'Profopec (Polígono III)', 33),
(55188, 'México Colonial I', 33),
(55189, 'Novela Mexicana I', 33),
(55190, 'Lázaro Cárdenas V Zona', 33),
(55200, 'Emiliano Zapata 1a Sección', 33),
(55210, 'Valle de Anáhuac Sección A', 33),
(55218, 'Cuchilla A. Rosales', 33),
(55220, 'Vicente Guerrero', 33),
(55230, 'La Media Luna', 33),
(55234, 'La Glorieta', 33),
(55235, 'Unidad Obrero CTM XIV', 33),
(55236, 'Códice Mendocino II', 33),
(55237, 'Estrella de Oriente', 33),
(55238, 'Sagitario III', 33),
(55240, 'Melchor Muzquiz', 33),
(55242, 'Villas Cosmos', 33),
(55243, 'Haciendas de Aragón', 33),
(55244, 'Paseos de Aragón', 33),
(55245, 'México Independiente', 33),
(55246, 'Petroquímica Ecatepec', 33),
(55247, 'CROC Aragón', 33),
(55248, 'Fuentes de Aragón', 33),
(55249, 'Poesía Mexicana', 33),
(55260, 'Nueva Aragón', 33),
(55264, 'Prizo I', 33),
(55266, 'México Revolucionario', 33),
(55267, 'Ciudad Amanecer', 33),
(55268, 'Sauces VI', 33),
(55269, 'Sauces I', 33),
(55270, 'Granjas Valle de Guadalupe Sección C', 33),
(55280, 'Renacimiento de Aragón', 33),
(55284, 'Renacimiento Chico', 33),
(55287, 'Fernando Alba Ixtlaxóchitl', 33),
(55288, 'Nezahualpilli', 33),
(55289, 'Bugambilias de Aragón', 33),
(55290, 'Granjas Independencia Sección B', 33),
(55294, 'Av. Central CROC', 33),
(55295, 'Ampliación Nicolás Bravo', 33),
(55296, 'Nicolás Bravo', 33),
(55297, 'Héroes de Granaditas', 33),
(55298, 'Ejercito del Trabajo III', 33),
(55299, 'Ejercito del Trabajo I', 33),
(55300, 'Piedra Grande', 33),
(55308, 'Benito Juárez Xalostoc Norte', 33),
(55310, 'Cuauhtémoc Xalostoc', 33),
(55316, 'Ampliación San Pedro Xalostoc', 33),
(55317, 'El Arbolito Xalostoc', 33),
(55320, 'Santa María Xalostoc', 33),
(55330, 'Jardines de Xalostoc', 33),
(55338, 'Melchor Ocampo', 33),
(55339, 'Villas de Guadalupe Xalostoc', 33),
(55340, 'Benito Juárez Xalostoc', 33),
(55347, 'Ampliación San José Xalostoc', 33),
(55348, 'Parque Industrial Xalostoc', 33),
(55349, 'Urbana Ixhuatepec', 33),
(55360, 'San José Xalostoc', 33),
(55369, 'Ampliación San Miguel Xalostoc', 33),
(55390, 'San Miguel Xalostoc', 33),
(55400, 'Santa María Tulpetlac', 33),
(55404, 'Santa María Tulpetlac', 33),
(55405, 'La Purísima', 33),
(55407, 'Cuchilla Lázaro Cárdenas', 33),
(55410, 'El Ostor', 33),
(55414, 'El Parque', 33),
(55415, 'Mexihuiloya', 33),
(55416, 'Benito Juárez 3ra Sección', 33),
(55417, 'Guadalupe Coatzochico', 33),
(55418, 'Rufino Tamayo', 33),
(55419, 'El Cortijo', 33),
(55420, 'Cerro Gordo', 33),
(55425, 'Cerro Gordo', 33),
(55429, 'Tepetzicasco', 33),
(55430, 'Conjunto Ejecutivo', 33),
(55450, 'Prados de Santa Clara', 33),
(55458, 'Conjunto Guanajuato', 33),
(55459, 'América Santa Clara', 33),
(55490, 'Finca San Miguel', 33),
(55498, 'Héroes de la Independencia', 33),
(55500, 'Conjunto Tepeyac Hidalgo', 33),
(55506, 'Buenavista', 33),
(55507, 'La Palma', 33),
(55508, 'Coanalco Buenavista', 33),
(55509, 'Plan de Ayala', 33),
(55510, 'Tepeolulco', 33),
(55515, 'Los Bordos', 33),
(55516, 'Boca Barranca', 33),
(55517, 'El Mirador', 33),
(55518, 'La Agüita', 33),
(55519, 'San Andrés de la Cañada', 33),
(55520, 'Carlos Hank González', 33),
(55530, 'El Gallito', 33),
(55540, 'Rinconada de Santa Clara', 33),
(55547, 'Santa Clara', 33),
(55548, 'Cantera Guadalupana', 33),
(55549, 'Área Santa Cruz', 33),
(55600, 'Independencia', 120),
(55603, 'San Miguel', 120),
(55604, 'Hombres Ilustres', 120),
(55605, 'Santa María el Llano', 120),
(55606, 'Aguirre', 120),
(55607, 'Jardines del Lago', 120),
(55609, 'San Pedro de la Laguna', 120),
(55610, 'El Rincón', 120),
(55613, 'Loma Larga (Barrio de Loma Larga)', 120),
(55614, 'Villas de la Laguna', 120),
(55615, 'Del Bosque', 120),
(55616, 'Villas de Zumpango', 120),
(55619, 'San Miguel Bocanegra', 120),
(55620, 'San José La Loma', 120),
(55628, 'Santa María (Zitlaltepec)', 120),
(55629, 'Lázaro Cárdenas', 120),
(55630, 'Santa Fe', 120),
(55634, 'Paseos de San Juan', 120),
(55635, 'Hacienda los Encinos', 120),
(55636, 'Los Rivero', 120),
(55637, 'Santa Cecilia', 120),
(55640, 'Santa Lucia Base Aérea Militar', 120),
(55643, 'San Miguel (Camino a Bata)', 120),
(55644, 'Ampliación Jardines de San Bartolo', 120),
(55646, 'San Andrés del Llano (Ejido de San Marcos)', 120),
(55650, 'San Miguel', 96),
(55653, 'La Esperanza', 96),
(55654, 'San José', 96),
(55655, 'Palo Grande', 96),
(55656, 'Ejidal General Wenceslao Labra', 96),
(55657, 'San Mateo', 96),
(55660, 'Apaxco de Ocampo', 10),
(55663, 'Olímpica', 10),
(55664, 'San José Teña', 10),
(55665, 'Perez de Galeana', 10),
(55666, 'Tablón Chico (Tabloncito)', 10),
(55667, 'Santa María Apaxco', 10),
(55670, 'Hueypoxtla', 36),
(55673, 'Centenario', 36),
(55676, 'Casa Blanca', 36),
(55679, 'Santa María Ajoloapan', 36),
(55680, 'San Francisco Zacacalco', 36),
(55683, 'Tianguistongo', 36),
(55684, 'San Pedro la Gloria', 36),
(55685, 'Tezontlalpa de Zapata (Tezontlalpan)', 36),
(55689, 'Nopala', 36),
(55690, 'San Marcos Jilotzingo', 36),
(55694, 'El Carmen', 36),
(55697, 'Emiliano Zapata (San José Bata)', 36),
(55700, 'Fuentes de San Francisco', 20),
(55705, 'República Mexicana', 20),
(55707, 'Lomas San Felipe', 20),
(55708, 'Hidalgo', 20),
(55709, 'El Gigante (San José)', 20),
(55710, 'Arcos las Torres', 20),
(55712, 'San Francisco Coacalco (Sección Hacienda)', 20),
(55713, 'Ampliación Villa de Reyes', 20),
(55714, 'Tetlacolili', 20),
(55715, 'Santa María Magdalena Huizachitla', 20),
(55716, 'Jardines de San José 1a Secc', 20),
(55717, 'Ex-Hacienda San Felipe 1a. Sección', 20),
(55718, 'Coacalco', 20),
(55719, 'Santa María I', 20),
(55720, 'Parque Residencial Coacalco 1a Sección', 20),
(55726, 'Valle Florido', 20),
(55728, 'Las Brisas', 20),
(55729, 'Los Sabinos I', 20),
(55730, 'Villa las Manzanas', 20),
(55736, 'Lomas de Coacalco 1a. Sección', 20),
(55737, 'Jalatlaco', 20),
(55738, 'Loma Bonita', 20),
(55739, 'Los Acuales', 20),
(55740, 'Tecámac de Felipe Villanueva Centro', 81),
(55743, 'Hacienda del Bosque', 81),
(55744, 'San Pedro Potzohuacan', 81),
(55745, 'Ampliación San Jerónimo', 81),
(55746, 'Ex Hacienda San Miguel Tenopala', 81),
(55747, 'Nueva Santa María (De San Pablo Tecalco)', 81),
(55748, 'Ejido de Tecámac', 81),
(55749, 'Vista Hermosa', 81),
(55750, 'Santa María Ajoloapan', 81),
(55752, 'San Juan Pueblo Nuevo', 81),
(55754, 'Paseos de Tecámac', 81),
(55755, 'La Campiña', 81),
(55757, 'San Lucas Xolox', 81),
(55758, 'Ampliación la Palma (Zona Industrial)', 81),
(55760, 'Mexicanos Unidos', 81),
(55763, 'Los Héroes Tecámac', 81),
(55764, 'Nuevo Paraíso', 81),
(55765, 'Los Héroes San Pablo', 81),
(55766, 'Ampliación Ozumbilla', 81),
(55767, 'Paseos del Bosque', 81),
(55768, 'La Azteca', 81),
(55769, 'Norchuca', 81),
(55770, 'Ojo de Agua', 81),
(55773, 'Hacienda Provenzal', 81),
(55776, 'Lomas de San Pedro Atzompa', 81),
(55778, 'Ampliación de la Concepción', 81),
(55780, 'San Martín', 44),
(55783, 'Privadas del Sol', 44),
(55784, 'La Lagunilla', 44),
(55785, 'Villas de Santa María', 125),
(55786, 'La Asunción', 125),
(55787, 'Villas de Tonanitla', 125),
(55790, 'San Miguel Xaltocan', 59),
(55793, 'Las Malvinas', 59),
(55794, 'Macan', 59),
(55795, 'Los Pastales', 59),
(55796, 'Tierra de Santa Inés', 59),
(55797, 'Santiago Atocan', 59),
(55799, 'San Mateo Acuitlapilco', 59),
(55800, 'San Juan Teotihuacan de Arista', 92),
(55803, 'Colatitla', 92),
(55804, 'Purificación', 92),
(55805, 'Puxtla', 92),
(55806, 'Nueva Teotihuacan', 92),
(55807, 'Villas de Teotihuacan', 92),
(55810, 'Oxtoyáhuatl (Barrio Purificación)', 92),
(55816, 'San Juan Evangelista', 92),
(55817, 'Loma del Cerro Colorado', 92),
(55820, 'San Francisco Mazapa', 92),
(55823, 'Nueva Santa María', 92),
(55824, 'San Sebastián Xolalpa', 92),
(55825, 'Ampliación Ejidal Tlajinga', 92),
(55826, 'Ampliación San Francisco', 92),
(55829, 'San Juan Teotihuacan Zona Arqueológica', 92),
(55830, 'De los Deportes', 92),
(55833, 'La Ventilla', 92),
(55834, 'Santiago Atlatongo', 92),
(55835, 'Santa Catarina', 92),
(55836, 'San Sebastián', 92),
(55837, 'San Lorenzo', 92),
(55838, 'El Potrero (Ejido Purificación)', 92),
(55840, 'Ampliación Ejidal Maquixco', 92),
(55843, 'San Agustín Actipac', 92),
(55844, 'Hacienda Cadena', 92),
(55845, 'Palomar Atlatongo', 92),
(55846, 'Tercera Sección de Atlatongo (Cerro Ocuilán)', 92),
(55847, 'San Isidro del Progreso', 92),
(55850, 'San Martín Centro', 75),
(55852, 'Santa María Tezompa', 75),
(55853, 'San Antonio de las Palmas', 75),
(55854, 'San Marcos Cerro Gordo', 75),
(55855, 'San Pablo Ixquitlan', 75),
(55856, 'Santa María Palapa', 75),
(55859, 'Santiago Tepetitlán', 75),
(55870, 'El Calvario', 2),
(55873, 'Santa María y Potreritos (La Represa)', 2),
(55874, 'Granjas Familiares Acolman', 2),
(55875, 'Emiliano Zapata', 2),
(55876, 'Ampliación Santa Catarina', 2),
(55877, 'Besana de Santa Catarina y Tepango', 2),
(55878, 'Santa María Acolman', 2),
(55880, 'Los Reyes', 2),
(55882, 'Lázaro Cárdenas', 2),
(55883, 'Las Brisas', 2),
(55884, 'Anáhuac 1a Secc', 2),
(55885, 'San Martín (STUNAM)', 2),
(55886, 'Santa María de Guadalupe', 2),
(55887, 'San Marcos Nepantla', 2),
(55888, 'Prados San Juan', 2),
(55890, 'Ampliación San Mateo Chipiltepec', 2),
(55893, 'San Mateo (Pasando la Vía)', 2),
(55894, 'San Pedro Tepetitlán', 2),
(55895, 'San Miguel Xometla', 2),
(55899, 'San Francisco Zacango', 2),
(55900, 'Otumba de Gómez Farías', 65),
(55913, 'El Ranchito', 65),
(55914, 'El Rosario', 65),
(55916, 'El Chabacano', 65),
(55920, 'Santiago Tolman', 65),
(55923, 'San Miguel Xolco', 65),
(55924, 'Chacalco', 65),
(55925, 'Oxtotipac', 65),
(55926, 'San Miguel Axalco Chico', 65),
(55927, 'Belém', 65),
(55930, 'Santa Brígida', 65),
(55934, 'Xochihucán', 65),
(55935, 'San Marcos Tlaxuchilco', 65),
(55936, 'Buenavista', 65),
(55937, 'Santa Bárbara', 65),
(55940, 'Cuauhtémoc', 16),
(55943, 'Tezoncalli', 16),
(55950, 'San Felipe Zacatepec', 16),
(55952, 'Santa María Aticpac', 16),
(55954, 'San Pablo Xuchi', 16),
(55955, 'San Nicolás Tetepantla', 16),
(55956, 'Los Remedios', 16),
(55960, 'San Antonio Ometusco', 16),
(55963, 'San Miguel Ometusco', 16),
(55965, 'Jaltepec', 16),
(55966, 'Atla', 16),
(55970, 'Hidalgo B', 61),
(55974, 'Tepetzingo', 61),
(55975, 'San Felipe Teotitlán', 61),
(55976, 'San Miguel Atepoxco', 61),
(55977, 'Tepatepec', 61),
(55978, 'Las Ambrises', 61),
(55980, 'San Juan Teacalco', 84),
(55983, 'El Chopo', 84),
(55984, 'Belén', 84),
(55985, 'Tepehuixco', 84),
(55988, 'Las Pintas', 84),
(55989, 'Presa del Rey', 84),
(55990, 'Ixtlahuaca de Cuauhtémoc', 84),
(55993, 'San Mateo Teopancala', 84),
(55994, 'Axalpa', 84),
(55995, 'San Luis Tecuahutitlan', 84),
(55996, 'Santa María Maquixco (El Alto)', 84),
(55997, 'San Cristóbal Colhuacán', 84),
(55998, 'El Tejocote', 84),
(56000, 'Tezoyuca', 100),
(56003, 'Buenos Aires', 100),
(56004, 'Resurrección', 100),
(56005, 'La Ascención', 100),
(56006, 'El Oasis', 100),
(56007, 'San Felipe', 100),
(56010, 'Ampliación Tezoyuca', 100),
(56020, 'Tequisistlán', 100),
(56023, 'Guadalupano (Ejido Tequisistlán)', 100),
(56024, 'De Tequisistlán Primero', 100),
(56030, 'San Sebastián', 28),
(56033, 'Santiago Chimalpa', 28),
(56034, 'San Bartolo', 28),
(56035, 'La Concepción', 28),
(56036, 'Atenguillo', 28),
(56037, 'Nonoalco', 28),
(56038, 'Chiautla (Colonia Guadalupe)', 28),
(56040, 'Tlaltecahuacán', 28),
(56050, 'Papalotla', 69),
(56053, 'Belém', 69),
(56054, 'Chimalpa', 69),
(56055, 'Coxotla', 69),
(56056, 'Mazatla', 69),
(56057, 'Ixayoc', 69),
(56070, 'San Francisco Jolalpan', 93),
(56074, 'El Tepetloxto (Colonia Lomas de San Gabriel)', 93),
(56077, 'Santiago', 93),
(56080, 'Santo Tomás Apipilhuasco', 93),
(56083, 'La Trinidad Amaninalco', 93),
(56085, 'San Bernardo Tlalmimilolpan', 93),
(56086, 'San Andrés de las Peras', 93),
(56087, 'San Pedro Chiautzingo', 93),
(56093, 'La Loma (La Loma San Isidro)', 93),
(56094, 'Los Reyes Nopala', 93),
(56096, 'Tolteca Teopan', 93),
(56100, 'Texcoco de Mora Centro', 99),
(56103, 'San Juan de Dios', 99),
(56105, 'San Pedro', 99),
(56106, 'Las Salinas', 99),
(56110, 'Zaragoza-San Pablo', 99),
(56120, 'Santa Cruz de Arriba', 99),
(56130, 'La Conchita', 99),
(56140, 'Ahuehuetes', 99),
(56150, 'Salitrería', 99),
(56160, 'Tex Plus', 99),
(56170, 'El Xolache I', 99),
(56200, 'Vicente Riva Palacio', 99),
(56203, 'La Magdalena Panoaya', 99),
(56204, 'Emiliano Zapata', 99),
(56205, 'San Felipe', 99),
(56207, 'Lázaro Cárdenas', 99),
(56208, 'San Miguel Tocuila', 99),
(56210, 'San Simón', 99),
(56213, 'San José Texopa', 99),
(56214, 'Los Reyes San Salvador', 99),
(56215, 'Pentecostés', 99),
(56216, 'La Resurrección', 99),
(56217, 'Santiaguito', 99),
(56220, 'San Luis Huexotla', 99),
(56223, 'Bellavista', 99),
(56224, 'Buenavista', 99),
(56225, 'Lomas de Cristo', 99),
(56226, 'Las Bugambilias', 99),
(56227, 'Emiliano Zapata-ISSSTE', 99),
(56230, 'San Diego', 99),
(56233, 'SUTEYN', 99),
(56235, 'El Molino de Flores', 99),
(56236, 'Xocotlán', 99),
(56237, 'El Batán', 99),
(56240, 'La Purificación Tepetitla', 99),
(56243, 'San Juan Tezontla', 99),
(56244, 'Santa María Tecuanulco', 99),
(56245, 'San Pablo Ixayoc', 99),
(56246, 'San Dieguito Xochimanca', 99),
(56247, 'San Nicolás Tlaminca', 99),
(56250, 'San Miguel Coatlinchán', 99),
(56253, 'Valle de Tláloc', 99),
(56254, 'Tepetitlán', 99),
(56255, 'El Trabajo', 99),
(56256, 'San Felipe', 99),
(56257, 'Lomas de San Esteban', 99),
(56260, 'San Bernardino', 99),
(56263, 'Santa Irene', 99),
(56264, 'Montecillo', 99);
INSERT INTO `cp` (`id_codigo_postal`, `colonia`, `id_municipio`) VALUES
(56265, 'El Tejocote', 99),
(56266, 'Santa Martha', 99),
(56267, 'Guadalupe Victoria', 99),
(56268, 'Bordo Poniente', 99),
(56270, 'San Miguel', 30),
(56272, 'San Pablito Calmimilolco', 30),
(56273, 'El Araujo', 30),
(56274, 'El Mamut', 30),
(56280, 'San Cristóbal', 30),
(56300, 'Ejidos de Cambray', 11),
(56303, 'Ejidal San Salvador', 11),
(56304, 'La Pastoría', 11),
(56305, 'Francisco I Madero', 11),
(56306, 'Los Hornos (El Presidio)', 11),
(56310, 'Nueva Santa Rosa', 11),
(56314, 'Nezahualcoyotl - Ixtapan', 11),
(56315, 'San Cristóbal Nexquipayac', 11),
(56330, 'Santa María Chimalhuacán', 31),
(56333, 'Santa María Chimalhuacán Ampliación Hidalgo', 31),
(56334, 'Melchor Ocampo', 31),
(56335, 'Rancho de las Nieves', 31),
(56337, 'San Juan Zapotla', 31),
(56338, 'Corte Lomas de Buenavista', 31),
(56340, 'San Lorenzo Parte Alta', 31),
(56343, 'SUTAUR Oriente', 31),
(56344, 'Ejido San Agustín Atlapulco', 31),
(56346, 'Filiberto Gómez', 31),
(56350, 'Xochiaca', 31),
(56353, 'Arturo Montiel', 31),
(56356, 'Canteros', 31),
(56360, 'Xochitenco 1a Sección', 31),
(56363, 'Alfareros', 31),
(56366, 'Tlatel Xochitenco', 31),
(56370, 'San Vicente Chicoloapan de Juárez Centro', 29),
(56373, 'San Antonio', 29),
(56375, 'Hacienda Piedras Negras', 29),
(56376, 'Auris III', 29),
(56377, '2 de Marzo', 29),
(56380, 'Real de San Vicente I', 29),
(56383, 'Lomas de Chicoloapan III', 29),
(56384, 'Loma San Pedro', 29),
(56386, 'Rancho San Miguel', 29),
(56387, 'Loma de Guadalupe', 29),
(56390, 'Revolución', 29),
(56396, 'Centro Turístico Ejidal', 29),
(56400, 'Ampliación Los Reyes', 70),
(56410, 'Rincón de Los Reyes', 70),
(56420, 'Floresta', 70),
(56428, 'Tepozanes', 70),
(56429, 'Unidad Floresta', 70),
(56430, 'Valle de los Reyes', 70),
(56440, 'Magdalena de Los Reyes', 70),
(56490, 'Emiliano Zapata', 70),
(56495, 'Loma Encantada', 70),
(56500, 'San Salvador Tecamachalco', 70),
(56505, '2 de Marzo', 70),
(56507, 'Ejidal El Pino', 70),
(56508, 'La Joyita', 70),
(56509, 'Las Cruces', 70),
(56510, 'Unidad Acaquilpan', 70),
(56512, 'San José Las Palmas', 70),
(56513, 'Ampliación Dr. Jorge Jiménez Cantú', 70),
(56514, 'Las Rosas', 70),
(56515, 'Dr. Jorge Jiménez Cantú', 70),
(56516, 'Lomas de San Isidro 2da Sección', 70),
(56520, 'Salitrería', 70),
(56524, 'C.E.A.S.', 70),
(56525, 'La Magdalena Atlicpac', 70),
(56526, 'Alamedas', 70),
(56527, 'Anáhuac', 70),
(56528, 'Unidad Anáhuac Tepetates', 70),
(56529, 'Tlazala', 70),
(56530, 'Geovillas San Jacinto', 39),
(56535, 'Geovillas de Santa Bárbara', 39),
(56536, 'San José de la Palma', 39),
(56537, 'Capilla IV', 39),
(56538, 'Santa Bárbara', 39),
(56539, 'La Huerta', 39),
(56540, 'Citlalmina', 39),
(56550, 'Derramadero', 39),
(56553, 'El Molino', 39),
(56555, 'Residencial Ayotla', 39),
(56556, 'José de la Mora', 39),
(56558, 'Ampliación Emiliano Zapata', 39),
(56560, 'El Calvario', 39),
(56563, 'Loma Bonita', 39),
(56564, 'El Mirador', 39),
(56565, 'Magisterial', 39),
(56566, 'Rancho Guadalupe', 39),
(56567, 'Humberto Gutiérrez', 39),
(56568, 'Unión Antorchista', 39),
(56569, 'Rincón del Bosque', 39),
(56570, 'Arbolada', 39),
(56576, 'Tlacaelel', 39),
(56577, 'Alfredo del Mazo', 39),
(56579, '20 de Noviembre', 39),
(56580, 'Rancho Verde I y II', 39),
(56584, 'La Pastoría', 39),
(56585, 'Jesús María', 39),
(56586, 'Geovillas Jesús María', 39),
(56587, 'San Francisco Acuautla', 39),
(56588, 'Julio Chávez López (UPREZ)', 39),
(56589, 'Ampliación Zoquiapan', 39),
(56590, 'Río Frío de Juárez', 39),
(56599, 'Los Cedros', 39),
(56600, 'Bosques de Chalco II', 25),
(56604, 'Nueva San Miguel', 25),
(56605, 'Agrarista', 25),
(56606, 'Unión de Guadalupe', 25),
(56607, '21 de Marzo', 25),
(56608, 'Ampliación Emiliano Zapata', 25),
(56609, 'Santa Cruz Amalinalco', 25),
(56610, 'San Miguel las Tablas', 122),
(56613, 'San Miguel Xico', 122),
(56614, 'Real de San Martín', 122),
(56615, 'Santiago', 122),
(56616, 'Guadalupana', 122),
(56617, 'El Triunfo', 122),
(56618, 'Darío Martínez II Sección', 122),
(56619, 'Alfredo del Mazo', 122),
(56620, 'Jazmín de las Flores', 25),
(56623, 'Santa Catarina Ayotzingo', 25),
(56624, 'Las Nieves', 25),
(56625, 'Guadalupe', 25),
(56640, 'San Gregorio Cuautzingo', 25),
(56641, 'La Candelaria Tlapala', 25),
(56642, 'San Lucas Amalinalco', 25),
(56643, 'San Buenaventura 7a Sección', 25),
(56644, 'Pueblo Nuevo', 25),
(56646, 'Santa María Huexoculco', 25),
(56647, 'San Mateo Tezoquipan Miraflores', 25),
(56650, 'Cuautitla', 83),
(56653, 'Santiago Zula', 83),
(56654, 'El Tejocote (Colonia Jesús Estudillo L.)', 83),
(56655, 'Los Reyes Acatlixhuayan', 83),
(56656, 'Tepancal', 83),
(56657, 'Tenexcaltitla', 83),
(56680, 'Techichilco', 22),
(56683, 'San Andrés Metla', 22),
(56684, 'La Virgen', 22),
(56700, 'Granjas San José', 103),
(56703, 'Valle plateado', 103),
(56704, 'San Lorenzo Tlalmiminolpan', 103),
(56710, 'Lomas del Pedregal', 103),
(56713, 'Alfa y Omega', 103),
(56714, 'Gavillero (Rancho el Gavillero)', 103),
(56715, 'El Escribiente', 103),
(56716, 'Vergel de la Sierra', 103),
(56720, '21 de Marzo', 103),
(56723, 'Pueblo Nuevo', 103),
(56726, 'Santa Cruz', 103),
(56730, 'Santo Tomás Atzingo', 103),
(56731, 'San José Zavaleta', 103),
(56735, 'San Antonio Tlaltecahuacan', 103),
(56740, 'Ladrilleras las Margaritas', 103),
(56743, 'Loma Linda', 103),
(56744, 'De La Peña', 103),
(56745, 'La Cañada', 103),
(56746, 'La Cuesta', 103),
(56747, 'La Joya (La Rosa)', 103),
(56760, 'La Capilla', 17),
(56763, 'Tetepetla', 17),
(56765, 'San Diego Chalcatepehuacán', 17),
(56766, 'Poxtla', 17),
(56767, 'San Juan E. Tlamapa', 17),
(56770, 'San José', 17),
(56776, 'San Bartolomé Mihuacán', 17),
(56780, 'Santiago Tepopula', 89),
(56783, 'San Luis Aculco', 89),
(56784, 'El Mirador', 89),
(56785, 'Chavarría (Paraje Puerta)', 89),
(56800, 'Del Coyote', 68),
(56803, 'José Antonio Alzate', 68),
(56804, 'Los Limones', 68),
(56805, 'Santiago', 68),
(56806, 'Loma Bonita', 68),
(56810, 'Santiago Mamalhuazuca', 68),
(56813, 'La Cantarilla', 68),
(56814, 'San José (Rancho San José Tlacotitlán)', 68),
(56815, 'Huejote (Rancho Huejote)', 68),
(56816, 'Guadalupe Hidalgo', 68),
(56820, 'Actopan', 68),
(56860, 'Cuautzozongo', 50),
(56864, 'La Rosita', 50),
(56865, 'San Pedro', 50),
(56866, 'El Madroño', 50),
(56867, 'Santa Rosa de Lima', 50),
(56880, 'La Venta', 94),
(56884, 'Sofía', 94),
(56885, 'San Esteban Cuecuecuautitla', 94),
(56886, 'Tlaximulco (Rancho de la Cruz)', 94),
(56890, 'Nepantla de Sor Juana Inés', 94),
(56893, 'Santa Rosa', 94),
(56894, 'Alotepec', 94),
(56895, 'Piñuelas (Guayabitos)', 94),
(56900, 'Sector Sacromonte', 9),
(56903, 'Sor Juana Inés de la Cruz', 9),
(56904, 'Del Rosario', 9),
(56905, 'San Juan', 9),
(56913, 'Telcingo', 9),
(56914, 'Xaltepic', 9),
(56920, 'Camino al Salto (Coapexco)', 9),
(56923, 'Tetecla (Temazcal)', 9),
(56924, 'Santa María Tomacoco', 9),
(56930, 'San Francisco Zentlalpan', 9),
(56933, 'Don Martín', 9),
(56935, 'Las Cartoneras', 9),
(56940, 'Santiago Cuauhtenco', 9),
(56945, 'Coapexco', 9),
(56950, 'San Antonio Zoyatzingo', 9),
(56953, 'San Diego Tlaxcatitla', 9),
(56954, 'Camino a Pahuacán (Colonia Néstor Soriano)', 9),
(56955, 'San Diego Huehuecalco', 9),
(56956, 'Ximoco', 9),
(56960, 'San Pedro Nexapa', 9),
(56963, 'El Ocotal', 9),
(56965, 'San Juan Grande', 9),
(56970, 'San Jacinto', 15),
(56973, 'Santo Domingo', 15),
(56974, 'San Martín', 15),
(56975, 'Asunción', 15),
(56976, 'San Andrés Tlalamac', 15),
(56979, 'Justino Rivera Islas (Paraje Tepichilco)', 15),
(56980, 'San Juan Tehuixtitlán Centro', 15),
(56982, 'Las Delicias', 15),
(56983, 'Popo Park', 15),
(56984, 'El mirador', 15),
(56990, 'De Santa Catarina', 34),
(56993, 'Tepicila', 34),
(56996, 'Huexotitla', 34),
(56999, 'Nexapa', 34),
(57000, 'Benito Juárez (La Aurora)', 58),
(57100, 'Valle de Aragón', 58),
(57103, 'Polígono del Bordo de Xochiaca', 58),
(57120, 'Campestre Guadalupana', 58),
(57129, 'Ampliación Campestre Guadalupana', 58),
(57130, 'Las Antenas o Claustro de Sor Juana Inés de la C.', 58),
(57138, 'Canal de Sales', 58),
(57139, 'Plazas de Aragón', 58),
(57140, 'Jardines de Guadalupe', 58),
(57150, 'Vergel de Guadalupe', 58),
(57158, 'Joyas de Aragón', 58),
(57170, 'Bosques de Aragón', 58),
(57171, 'Escuela Nacional de Estudios Profesionales Aragón', 58),
(57178, 'Las Armas', 58),
(57179, 'Prados de Aragón', 58),
(57180, 'Ciudad Lago', 58),
(57185, 'Ampliación Ciudad Lago', 58),
(57188, 'Ampliación Ciudad Lago Asa (Antonio Alzate)', 58),
(57189, 'Ampliación Ciudad Lago Comunicaciones', 58),
(57200, 'El Sol', 58),
(57205, 'Ciudad Jardín Bicentenario', 58),
(57210, 'Estado de México', 58),
(57300, 'Tamaulipas Sección Virgencitas', 58),
(57310, 'Tamaulipas Sección Las Flores', 58),
(57400, 'El Barco Segunda Sección', 58),
(57410, 'Maravillas', 58),
(57420, 'Nezahualcóyotl Segunda Sección', 58),
(57425, 'Perete', 58),
(57430, 'Porvenir', 58),
(57440, 'Xochitenco', 58),
(57450, 'Volcanes', 58),
(57460, 'Juárez Pantitlán', 58),
(57465, 'Nueva Juárez Pantitlán Primera Sección', 58),
(57500, 'Agua Azul Grupo B Super 4', 58),
(57510, 'Agua Azul Sección Pirules', 58),
(57520, 'Porfirio Díaz', 58),
(57530, 'Modelo', 58),
(57600, 'Ampliación Romero Sección Las Fuentes', 58),
(57610, 'Pavón Sección Silvia', 58),
(57620, 'México Primera Sección', 58),
(57630, 'Romero', 58),
(57700, 'Evolución Súper 43', 58),
(57708, 'Evolución Poniente', 58),
(57709, 'Ampliación Evolución', 58),
(57710, 'General José Vicente Villada', 58),
(57718, 'Ampliación General José Vicente Villada Súper 44', 58),
(57719, 'Ampliación General José Vicente Villada Poniente', 58),
(57720, 'Atlacomulco', 58),
(57730, 'Metropolitana Primera Sección', 58),
(57739, 'San Lorenzo', 58),
(57740, 'Metropolitana Segunda Sección', 58),
(57750, 'Metropolitana Tercera Sección', 58),
(57760, 'Ampliación General José Vicente Villada Súper 43', 58),
(57800, 'Esperanza', 58),
(57809, 'Rey Nezahualcóyotl', 58),
(57810, 'Izcalli Nezahualcóyotl', 58),
(57819, 'Parque Industrial Nezahualcóyotl', 58),
(57820, 'La Perla', 58),
(57830, 'Ampliación La Perla Reforma', 58),
(57840, 'Reforma', 58),
(57849, 'Reforma A Sección 1', 58),
(57900, 'Las Águilas', 58),
(57910, 'Constitución de 1857', 58),
(57920, 'Santa Martha', 58),
(57930, 'Manantiales', 58),
(57940, 'Loma Bonita', 58),
(57950, 'Ampliación Las Águilas', 58);

-- --------------------------------------------------------

--
-- Estructura de tabla para la tabla `credito`
--

CREATE TABLE `credito` (
  `id_credito` int(11) NOT NULL,
  `credito` varchar(60) COLLATE utf8_spanish_ci NOT NULL
) ENGINE=InnoDB DEFAULT CHARSET=utf8 COLLATE=utf8_spanish_ci;

--
-- Volcado de datos para la tabla `credito`
--

INSERT INTO `credito` (`id_credito`, `credito`) VALUES
(1, 'Mensual'),
(2, 'Quincenal'),
(3, 'Semanal');

-- --------------------------------------------------------

--
-- Estructura de tabla para la tabla `dirrecion`
--

CREATE TABLE `dirrecion` (
  `id_dirrecion` int(11) NOT NULL,
  `id_usuario` int(11) NOT NULL,
  `calle` varchar(60) COLLATE utf8_spanish_ci NOT NULL,
  `numero_int` int(10) UNSIGNED NOT NULL
) ENGINE=InnoDB DEFAULT CHARSET=utf8 COLLATE=utf8_spanish_ci;

-- --------------------------------------------------------

--
-- Estructura de tabla para la tabla `estado`
--

CREATE TABLE `estado` (
  `id_estado` int(11) NOT NULL,
  `nombre_estado` varchar(45) COLLATE utf8_spanish_ci NOT NULL
) ENGINE=InnoDB DEFAULT CHARSET=utf8 COLLATE=utf8_spanish_ci;

--
-- Volcado de datos para la tabla `estado`
--

INSERT INTO `estado` (`id_estado`, `nombre_estado`) VALUES
(9, 'Ciudad de México'),
(15, 'México');

-- --------------------------------------------------------

--
-- Estructura de tabla para la tabla `inventario`
--

CREATE TABLE `inventario` (
  `id_inventario` int(11) NOT NULL,
  `id_producto` int(11) NOT NULL,
  `cantidad` int(11) NOT NULL,
  `fecha_hora` date NOT NULL,
  `id_tipo_inventario` int(11) NOT NULL
) ENGINE=InnoDB DEFAULT CHARSET=utf8 COLLATE=utf8_spanish_ci;

-- --------------------------------------------------------

--
-- Estructura de tabla para la tabla `medio_pago`
--

CREATE TABLE `medio_pago` (
  `id_medio_de_pago` int(11) NOT NULL,
  `medio_de_pago` varchar(60) COLLATE utf8_spanish_ci NOT NULL
) ENGINE=InnoDB DEFAULT CHARSET=utf8 COLLATE=utf8_spanish_ci;

--
-- Volcado de datos para la tabla `medio_pago`
--

INSERT INTO `medio_pago` (`id_medio_de_pago`, `medio_de_pago`) VALUES
(1, 'Tarjeta Crédito'),
(2, 'Tarjeta Débito'),
(3, 'Depósito'),
(4, 'Transferencia'),
(5, 'Contado');

-- --------------------------------------------------------

--
-- Estructura de tabla para la tabla `municipio`
--

CREATE TABLE `municipio` (
  `id_municipio` int(11) NOT NULL,
  `nombre_municipio` varchar(60) COLLATE utf8_spanish_ci NOT NULL,
  `id_estado` int(11) NOT NULL
) ENGINE=InnoDB DEFAULT CHARSET=utf8 COLLATE=utf8_spanish_ci;

--
-- Volcado de datos para la tabla `municipio`
--

INSERT INTO `municipio` (`id_municipio`, `nombre_municipio`, `id_estado`) VALUES
(1, 'Acambay de Ruíz Castañeda', 15),
(2, 'Azcapotzalco', 9),
(3, 'Coyoacán', 9),
(4, 'Cuajimalpa de Morelos', 9),
(5, 'Gustavo A. Madero', 9),
(6, 'Iztacalco', 9),
(7, 'Iztapalapa', 9),
(8, 'La Magdalena Contreras', 9),
(9, 'Milpa Alta', 9),
(10, 'Álvaro Obregón', 9),
(11, 'Tláhuac', 9),
(12, 'Tlalpan', 9),
(13, 'Xochimilco', 9),
(14, 'Benito Juárez', 9),
(15, 'Cuauhtémoc', 9),
(16, 'Miguel Hidalgo', 9),
(17, 'Venustiano Carranza', 9),
(18, 'Calimaya', 15),
(19, 'Capulhuac', 15),
(20, 'Coacalco de Berriozábal', 15),
(21, 'Coatepec Harinas', 15),
(22, 'Cocotitlán', 15),
(23, 'Coyotepec', 15),
(24, 'Cuautitlán', 15),
(25, 'Chalco', 15),
(26, 'Chapa de Mota', 15),
(27, 'Chapultepec', 15),
(28, 'Chiautla', 15),
(29, 'Chicoloapan', 15),
(30, 'Chiconcuac', 15),
(31, 'Chimalhuacán', 15),
(32, 'Donato Guerra', 15),
(33, 'Ecatepec de Morelos', 15),
(34, 'Ecatzingo', 15),
(35, 'Huehuetoca', 15),
(36, 'Hueypoxtla', 15),
(37, 'Huixquilucan', 15),
(38, 'Isidro Fabela', 15),
(39, 'Ixtapaluca', 15),
(40, 'Ixtapan de la Sal', 15),
(41, 'Ixtapan del Oro', 15),
(42, 'Ixtlahuaca', 15),
(43, 'Xalatlaco', 15),
(44, 'Jaltenco', 15),
(45, 'Jilotepec', 15),
(46, 'Jilotzingo', 15),
(47, 'Jiquipilco', 15),
(48, 'Jocotitlán', 15),
(49, 'Joquicingo', 15),
(50, 'Juchitepec', 15),
(51, 'Lerma', 15),
(52, 'Malinalco', 15),
(53, 'Melchor Ocampo', 15),
(54, 'Metepec', 15),
(55, 'Mexicaltzingo', 15),
(56, 'Morelos', 15),
(57, 'Naucalpan de Juárez', 15),
(58, 'Nezahualcóyotl', 15),
(59, 'Nextlalpan', 15),
(60, 'Nicolás Romero', 15),
(61, 'Nopaltepec', 15),
(62, 'Ocoyoacac', 15),
(63, 'Ocuilan', 15),
(64, 'El Oro', 15),
(65, 'Otumba', 15),
(66, 'Otzoloapan', 15),
(67, 'Otzolotepec', 15),
(68, 'Ozumba', 15),
(69, 'Papalotla', 15),
(70, 'La Paz', 15),
(71, 'Polotitlán', 15),
(72, 'Rayón', 15),
(73, 'San Antonio la Isla', 15),
(74, 'San Felipe del Progreso', 15),
(75, 'San Martín de las Pirámides', 15),
(76, 'San Mateo Atenco', 15),
(77, 'San Simón de Guerrero', 15),
(78, 'Santo Tomás', 15),
(79, 'Soyaniquilpan de Juárez', 15),
(80, 'Sultepec', 15),
(81, 'Tecámac', 15),
(82, 'Tejupilco', 15),
(83, 'Temamatla', 15),
(84, 'Temascalapa', 15),
(85, 'Temascalcingo', 15),
(86, 'Temascaltepec', 15),
(87, 'Temoaya', 15),
(88, 'Tenancingo', 15),
(89, 'Tenango del Aire', 15),
(90, 'Tenango del Valle', 15),
(91, 'Teoloyucan', 15),
(92, 'Teotihuacán', 15),
(93, 'Tepetlaoxtoc', 15),
(94, 'Tepetlixpa', 15),
(95, 'Tepotzotlán', 15),
(96, 'Tequixquiac', 15),
(97, 'Texcaltitlán', 15),
(98, 'Texcalyacac', 15),
(99, 'Texcoco', 15),
(100, 'Tezoyuca', 15),
(101, 'Tianguistenco', 15),
(102, 'Timilpan', 15),
(103, 'Tlalmanalco', 15),
(104, 'Tlalnepantla de Baz', 15),
(105, 'Tlatlaya', 15),
(106, 'Toluca', 15),
(107, 'Tonatico', 15),
(108, 'Tultepec', 15),
(109, 'Tultitlán', 15),
(110, 'Valle de Bravo', 15),
(111, 'Villa de Allende', 15),
(112, 'Villa del Carbón', 15),
(113, 'Villa Guerrero', 15),
(114, 'Villa Victoria', 15),
(115, 'Xonacatlán', 15),
(116, 'Zacazonapan', 15),
(117, 'Zacualpan', 15),
(118, 'Zinacantepec', 15),
(119, 'Zumpahuacán', 15),
(120, 'Zumpango', 15),
(121, 'Cuautitlán Izcalli', 15),
(122, 'Valle de Chalco Solidaridad', 15),
(123, 'Luvianos', 15),
(124, 'San José del Rincón', 15),
(125, 'Tonanitla', 15);

-- --------------------------------------------------------

--
-- Estructura de tabla para la tabla `pago`
--

CREATE TABLE `pago` (
  `id_pago` int(11) NOT NULL,
  `monto` double(7,2) UNSIGNED NOT NULL,
  `id_pedido` int(11) NOT NULL,
  `id_tipo_pago` int(11) NOT NULL
) ENGINE=InnoDB DEFAULT CHARSET=utf8 COLLATE=utf8_spanish_ci;

-- --------------------------------------------------------

--
-- Estructura de tabla para la tabla `pedido`
--

CREATE TABLE `pedido` (
  `id_pedido` int(11) NOT NULL,
  `id_usuario` int(11) NOT NULL,
  `id_producto` int(11) NOT NULL,
  `cantidad` int(11) NOT NULL,
  `fecha` date NOT NULL,
  `id_pago` int(11) NOT NULL,
  `pago_total` double(7,2) NOT NULL
) ENGINE=InnoDB DEFAULT CHARSET=utf8 COLLATE=utf8_spanish_ci;

-- --------------------------------------------------------

--
-- Estructura de tabla para la tabla `producto`
--

CREATE TABLE `producto` (
  `id_producto` int(11) NOT NULL,
  `id_tipo_producto` int(11) NOT NULL,
  `id_tipo_material` int(11) NOT NULL,
  `precio_venta` double(7,2) DEFAULT NULL,
  `precio_fabrica` double(7,2) DEFAULT NULL,
  `nombre` varchar(80) COLLATE utf8_spanish_ci DEFAULT NULL,
  `foto` longblob DEFAULT NULL,
  `descripcion` text COLLATE utf8_spanish_ci DEFAULT NULL,
  `exintecia` tinyint(1) DEFAULT NULL,
  `id_tipo_status` int(11) NOT NULL
) ENGINE=InnoDB DEFAULT CHARSET=utf8 COLLATE=utf8_spanish_ci;

-- --------------------------------------------------------

--
-- Estructura de tabla para la tabla `tipo-usuario`
--

CREATE TABLE `tipo-usuario` (
  `id_tipo_usuario` int(11) NOT NULL,
  `tipo_usuario` varchar(45) COLLATE utf8_spanish_ci NOT NULL
) ENGINE=InnoDB DEFAULT CHARSET=utf8 COLLATE=utf8_spanish_ci;

--
-- Volcado de datos para la tabla `tipo-usuario`
--

INSERT INTO `tipo-usuario` (`id_tipo_usuario`, `tipo_usuario`) VALUES
(1, 'Distribuidor'),
(2, 'Vendedor'),
(3, 'Cliente');

-- --------------------------------------------------------

--
-- Estructura de tabla para la tabla `tipo_inventario`
--

CREATE TABLE `tipo_inventario` (
  `id_tipo_inventario` int(11) NOT NULL,
  `tipo_inventario` varchar(45) COLLATE utf8_spanish_ci NOT NULL
) ENGINE=InnoDB DEFAULT CHARSET=utf8 COLLATE=utf8_spanish_ci;

--
-- Volcado de datos para la tabla `tipo_inventario`
--

INSERT INTO `tipo_inventario` (`id_tipo_inventario`, `tipo_inventario`) VALUES
(1, 'Físico'),
(2, 'Lógico');

-- --------------------------------------------------------

--
-- Estructura de tabla para la tabla `tipo_material`
--

CREATE TABLE `tipo_material` (
  `id_tipo_material` int(11) NOT NULL,
  `tipo_material` varchar(45) CHARACTER SET utf8mb4 COLLATE utf8mb4_spanish_ci NOT NULL
) ENGINE=InnoDB DEFAULT CHARSET=utf8 COLLATE=utf8_spanish_ci;

--
-- Volcado de datos para la tabla `tipo_material`
--

INSERT INTO `tipo_material` (`id_tipo_material`, `tipo_material`) VALUES
(1, 'Chapa oro'),
(2, 'Plata');

-- --------------------------------------------------------

--
-- Estructura de tabla para la tabla `tipo_pago`
--

CREATE TABLE `tipo_pago` (
  `id_tipo_pago` int(11) NOT NULL,
  `id_credito` int(11) NOT NULL,
  `contado` double(7,2) DEFAULT NULL,
  `id_medio_pago` int(11) NOT NULL
) ENGINE=InnoDB DEFAULT CHARSET=utf8 COLLATE=utf8_spanish_ci;

-- --------------------------------------------------------

--
-- Estructura de tabla para la tabla `tipo_producto`
--

CREATE TABLE `tipo_producto` (
  `id_tipo_producto` int(11) NOT NULL,
  `categoria` varchar(45) COLLATE utf8_spanish_ci NOT NULL
) ENGINE=InnoDB DEFAULT CHARSET=utf8 COLLATE=utf8_spanish_ci;

--
-- Volcado de datos para la tabla `tipo_producto`
--

INSERT INTO `tipo_producto` (`id_tipo_producto`, `categoria`) VALUES
(1, 'Anillos'),
(2, 'Pulseras'),
(3, 'Colleres'),
(4, 'Aretes');

-- --------------------------------------------------------

--
-- Estructura de tabla para la tabla `tipo_status`
--

CREATE TABLE `tipo_status` (
  `id_tipo_status` int(11) NOT NULL,
  `status` varchar(45) COLLATE utf8_spanish_ci NOT NULL
) ENGINE=InnoDB DEFAULT CHARSET=utf8 COLLATE=utf8_spanish_ci;

--
-- Volcado de datos para la tabla `tipo_status`
--

INSERT INTO `tipo_status` (`id_tipo_status`, `status`) VALUES
(1, 'Agotado'),
(2, 'Vendido');

-- --------------------------------------------------------

--
-- Estructura de tabla para la tabla `usuario`
--

CREATE TABLE `usuario` (
  `id_usuario` int(11) NOT NULL,
  `id_codigo_postal` int(5) UNSIGNED ZEROFILL NOT NULL,
  `curp` varchar(18) COLLATE utf8_spanish_ci NOT NULL,
  `id_tipo_usuario` int(11) NOT NULL,
  `corrreo_electronico` varchar(60) CHARACTER SET utf8mb4 COLLATE utf8mb4_spanish_ci NOT NULL,
  `telefono` bigint(10) UNSIGNED NOT NULL,
  `nombre` varchar(60) COLLATE utf8_spanish_ci NOT NULL,
  `apellido_paterno` varchar(60) COLLATE utf8_spanish_ci NOT NULL,
  `apellido_materno` varchar(60) CHARACTER SET utf8 COLLATE utf8_spanish2_ci DEFAULT NULL
) ENGINE=InnoDB DEFAULT CHARSET=utf8 COLLATE=utf8_spanish_ci;

--
-- Volcado de datos para la tabla `usuario`
--

INSERT INTO `usuario` (`id_usuario`, `id_codigo_postal`, `curp`, `id_tipo_usuario`, `corrreo_electronico`, `telefono`, `nombre`, `apellido_paterno`, `apellido_materno`) VALUES
(1, 55540, 'BATD950116HMCTRV02', 1, 'batista.eduardo.david@gmail.com', 5574656083, 'Eduardo ', 'Batista', 'Trujillo');

--
-- Índices para tablas volcadas
--

--
-- Indices de la tabla `cp`
--
ALTER TABLE `cp`
  ADD PRIMARY KEY (`id_codigo_postal`),
  ADD KEY `id_municipio` (`id_municipio`);

--
-- Indices de la tabla `credito`
--
ALTER TABLE `credito`
  ADD PRIMARY KEY (`id_credito`);

--
-- Indices de la tabla `dirrecion`
--
ALTER TABLE `dirrecion`
  ADD PRIMARY KEY (`id_dirrecion`),
  ADD KEY `id_usuario` (`id_usuario`);

--
-- Indices de la tabla `estado`
--
ALTER TABLE `estado`
  ADD PRIMARY KEY (`id_estado`);

--
-- Indices de la tabla `inventario`
--
ALTER TABLE `inventario`
  ADD PRIMARY KEY (`id_inventario`),
  ADD KEY `id_producto` (`id_producto`),
  ADD KEY `id_tipo_inventario` (`id_tipo_inventario`);

--
-- Indices de la tabla `medio_pago`
--
ALTER TABLE `medio_pago`
  ADD PRIMARY KEY (`id_medio_de_pago`);

--
-- Indices de la tabla `municipio`
--
ALTER TABLE `municipio`
  ADD PRIMARY KEY (`id_municipio`),
  ADD KEY `id_estado` (`id_estado`);

--
-- Indices de la tabla `pago`
--
ALTER TABLE `pago`
  ADD PRIMARY KEY (`id_pago`),
  ADD KEY `id_usuario` (`id_pedido`),
  ADD KEY `id_tipo_pago` (`id_tipo_pago`);

--
-- Indices de la tabla `pedido`
--
ALTER TABLE `pedido`
  ADD PRIMARY KEY (`id_pedido`),
  ADD KEY `id_usuario` (`id_usuario`),
  ADD KEY `id_producto` (`id_producto`),
  ADD KEY `id_pago` (`id_pago`);

--
-- Indices de la tabla `producto`
--
ALTER TABLE `producto`
  ADD PRIMARY KEY (`id_producto`),
  ADD KEY `id_tipo_producto` (`id_tipo_producto`),
  ADD KEY `id_tipo_material` (`id_tipo_material`),
  ADD KEY `tipo_status` (`id_tipo_status`);

--
-- Indices de la tabla `tipo-usuario`
--
ALTER TABLE `tipo-usuario`
  ADD PRIMARY KEY (`id_tipo_usuario`);

--
-- Indices de la tabla `tipo_inventario`
--
ALTER TABLE `tipo_inventario`
  ADD PRIMARY KEY (`id_tipo_inventario`);

--
-- Indices de la tabla `tipo_material`
--
ALTER TABLE `tipo_material`
  ADD PRIMARY KEY (`id_tipo_material`);

--
-- Indices de la tabla `tipo_pago`
--
ALTER TABLE `tipo_pago`
  ADD PRIMARY KEY (`id_tipo_pago`),
  ADD KEY `id_credito` (`id_credito`),
  ADD KEY `id_medio_pago` (`id_medio_pago`);

--
-- Indices de la tabla `tipo_producto`
--
ALTER TABLE `tipo_producto`
  ADD PRIMARY KEY (`id_tipo_producto`);

--
-- Indices de la tabla `tipo_status`
--
ALTER TABLE `tipo_status`
  ADD PRIMARY KEY (`id_tipo_status`);

--
-- Indices de la tabla `usuario`
--
ALTER TABLE `usuario`
  ADD PRIMARY KEY (`id_usuario`),
  ADD UNIQUE KEY `curp` (`curp`),
  ADD UNIQUE KEY `corrreo_electronico` (`corrreo_electronico`),
  ADD KEY `id_dirreccion` (`id_codigo_postal`),
  ADD KEY `id_tipo_usuario` (`id_tipo_usuario`);

--
-- AUTO_INCREMENT de las tablas volcadas
--

--
-- AUTO_INCREMENT de la tabla `credito`
--
ALTER TABLE `credito`
  MODIFY `id_credito` int(11) NOT NULL AUTO_INCREMENT, AUTO_INCREMENT=4;

--
-- AUTO_INCREMENT de la tabla `medio_pago`
--
ALTER TABLE `medio_pago`
  MODIFY `id_medio_de_pago` int(11) NOT NULL AUTO_INCREMENT, AUTO_INCREMENT=6;

--
-- AUTO_INCREMENT de la tabla `pedido`
--
ALTER TABLE `pedido`
  MODIFY `id_pedido` int(11) NOT NULL AUTO_INCREMENT;

--
-- AUTO_INCREMENT de la tabla `producto`
--
ALTER TABLE `producto`
  MODIFY `id_producto` int(11) NOT NULL AUTO_INCREMENT;

--
-- AUTO_INCREMENT de la tabla `tipo-usuario`
--
ALTER TABLE `tipo-usuario`
  MODIFY `id_tipo_usuario` int(11) NOT NULL AUTO_INCREMENT, AUTO_INCREMENT=4;

--
-- AUTO_INCREMENT de la tabla `tipo_inventario`
--
ALTER TABLE `tipo_inventario`
  MODIFY `id_tipo_inventario` int(11) NOT NULL AUTO_INCREMENT, AUTO_INCREMENT=3;

--
-- AUTO_INCREMENT de la tabla `tipo_material`
--
ALTER TABLE `tipo_material`
  MODIFY `id_tipo_material` int(11) NOT NULL AUTO_INCREMENT, AUTO_INCREMENT=3;

--
-- AUTO_INCREMENT de la tabla `tipo_producto`
--
ALTER TABLE `tipo_producto`
  MODIFY `id_tipo_producto` int(11) NOT NULL AUTO_INCREMENT, AUTO_INCREMENT=5;

--
-- AUTO_INCREMENT de la tabla `tipo_status`
--
ALTER TABLE `tipo_status`
  MODIFY `id_tipo_status` int(11) NOT NULL AUTO_INCREMENT, AUTO_INCREMENT=3;

--
-- AUTO_INCREMENT de la tabla `usuario`
--
ALTER TABLE `usuario`
  MODIFY `id_usuario` int(11) NOT NULL AUTO_INCREMENT, AUTO_INCREMENT=2;

--
-- Restricciones para tablas volcadas
--

--
-- Filtros para la tabla `cp`
--
ALTER TABLE `cp`
  ADD CONSTRAINT `cp-municipio` FOREIGN KEY (`id_municipio`) REFERENCES `municipio` (`id_municipio`);

--
-- Filtros para la tabla `dirrecion`
--
ALTER TABLE `dirrecion`
  ADD CONSTRAINT `dirrecion-usuario` FOREIGN KEY (`id_usuario`) REFERENCES `usuario` (`id_usuario`);

--
-- Filtros para la tabla `inventario`
--
ALTER TABLE `inventario`
  ADD CONSTRAINT `inventario-producto` FOREIGN KEY (`id_producto`) REFERENCES `producto` (`id_producto`) ON DELETE NO ACTION ON UPDATE NO ACTION,
  ADD CONSTRAINT `inventario-tipo_inventario` FOREIGN KEY (`id_tipo_inventario`) REFERENCES `tipo_inventario` (`id_tipo_inventario`) ON DELETE NO ACTION ON UPDATE NO ACTION;

--
-- Filtros para la tabla `municipio`
--
ALTER TABLE `municipio`
  ADD CONSTRAINT `municipio-estado` FOREIGN KEY (`id_estado`) REFERENCES `estado` (`id_estado`);

--
-- Filtros para la tabla `pago`
--
ALTER TABLE `pago`
  ADD CONSTRAINT `pago-tipo_pago` FOREIGN KEY (`id_tipo_pago`) REFERENCES `tipo_pago` (`id_tipo_pago`) ON DELETE NO ACTION ON UPDATE NO ACTION;

--
-- Filtros para la tabla `pedido`
--
ALTER TABLE `pedido`
  ADD CONSTRAINT `pedido-pago` FOREIGN KEY (`id_pago`) REFERENCES `pago` (`id_pago`) ON DELETE NO ACTION ON UPDATE NO ACTION,
  ADD CONSTRAINT `pedido-producto` FOREIGN KEY (`id_producto`) REFERENCES `producto` (`id_producto`),
  ADD CONSTRAINT `pedido-usuario` FOREIGN KEY (`id_usuario`) REFERENCES `usuario` (`id_usuario`) ON DELETE NO ACTION ON UPDATE NO ACTION;

--
-- Filtros para la tabla `producto`
--
ALTER TABLE `producto`
  ADD CONSTRAINT `producto-tipo_material` FOREIGN KEY (`id_tipo_material`) REFERENCES `tipo_material` (`id_tipo_material`) ON DELETE NO ACTION ON UPDATE NO ACTION,
  ADD CONSTRAINT `producto-tipo_producto` FOREIGN KEY (`id_tipo_producto`) REFERENCES `tipo_producto` (`id_tipo_producto`) ON DELETE NO ACTION ON UPDATE NO ACTION,
  ADD CONSTRAINT `producto-tipo_status` FOREIGN KEY (`id_tipo_status`) REFERENCES `tipo_status` (`id_tipo_status`) ON DELETE NO ACTION ON UPDATE NO ACTION;

--
-- Filtros para la tabla `tipo_pago`
--
ALTER TABLE `tipo_pago`
  ADD CONSTRAINT `tipo_pago-credito` FOREIGN KEY (`id_credito`) REFERENCES `credito` (`id_credito`),
  ADD CONSTRAINT `tipo_pago-medio_pago` FOREIGN KEY (`id_medio_pago`) REFERENCES `medio_pago` (`id_medio_de_pago`);

--
-- Filtros para la tabla `usuario`
--
ALTER TABLE `usuario`
  ADD CONSTRAINT `usuario-cp` FOREIGN KEY (`id_codigo_postal`) REFERENCES `cp` (`id_codigo_postal`),
  ADD CONSTRAINT `usuario-tipo_usuario` FOREIGN KEY (`id_tipo_usuario`) REFERENCES `tipo-usuario` (`id_tipo_usuario`);
COMMIT;

/*!40101 SET CHARACTER_SET_CLIENT=@OLD_CHARACTER_SET_CLIENT */;
/*!40101 SET CHARACTER_SET_RESULTS=@OLD_CHARACTER_SET_RESULTS */;
/*!40101 SET COLLATION_CONNECTION=@OLD_COLLATION_CONNECTION */;
